S01B000053544D333247343331434254365F4D6F746F722E7372656352
S3150800000000800020E1170008ED120008F51200082C
S31508000010FD120008051300080D1300080000000073
S315080000200000000000000000000000001513000892
S315080000302313000800000000311300083F130008CE
S31508000040311800083118000831180008311800085E
S31508000050311800083118000831180008311800084E
S315080000603118000831180008311800084D13000827
S31508000070311800083118000831180008311800082E
S31508000080311800080000000031180008311800086F
S31508000090311800083118000831180008311800080E
S315080000A031180008311800083118000831180008FE
S315080000B031180008311800083118000831180008EE
S315080000C031180008311800083118000831180008DE
S315080000D031180008611300083118000831180008A3
S315080000E031180008311800083118000831180008BE
S315080000F031180008311800083118000800000000FF
S31508000100000000003118000800000000311800083F
S31508000110311800080000000075130008311800089F
S31508000120311800083118000831180008311800087D
S31508000130311800080000000000000000311800080F
S3150800014031180008311800080000000000000000FF
S315080001500000000000000000000000000000000091
S315080001600000000000000000000000003118000830
S315080001703118000800000000000000000000000020
S315080001800000000031180008000000000000000010
S315080001900000000000000000000000000000000051
S315080001A0000000000000000031180008311800089F
S315080001B0311800083118000831180008000000003E
S315080001C000000000311800080000000000000000D0
S30D080001D0311800083118000877
S315080001E010B5054C237833B9044B13B10448AFF363
S315080001F000800123237010BDD401002000000000F8
S31508000200249C000808B5034B1BB103490348AFF308
S31508000210008008BD00000000D8010020249C0008CA
S3150800022001F0FF01102A2BDB10F0070F08D010F899
S31508000230013B013A8B422DD010F0070F42B3F6D19D
S31508000240F0B441EA012141EA014122F007047FF0B6
S3150800025000070023F0E80256083C85EA010586EA0D
S31508000260010685FA47F5A3FA87F586FA47F6A5FA49
S3150800027087F68EB9EED1F0BC01F0FF0102F0070255
S3150800028032B110F8013B013A83EA010313B1F8D100
S315080002900020704701387047002D06BF35460338E1
S315080002A0073815F0010F07D1013015F4807F02BF1A
S315080002B0013015F4C03F0130F0BC0138704700BF6B
S315080002C0034613F8012B002AFBD1181A0138704788
S315080002D081F0004102E000BF83F0004330B54FEAE9
S315080002E041044FEA430594EA050F08BF90EA020F56
S315080002F01FBF54EA000C55EA020C7FEA645C7FEAE9
S31508000300655C00F0E2804FEA5454D4EB5555B8BF0B
S315080003106D420CDD2C4480EA020281EA030382EA7C
S31508000320000083EA010180EA020281EA0303362D0E
S3150800033088BF30BD11F0004F4FEA01314FF4801CE1
S315080003404CEA113102D0404261EB410113F0004FF3
S315080003504FEA03334CEA133302D0524263EB4303AA
S3150800036094EA050F00F0A780A4F10104D5F1200E48
S315080003700DDB02FA0EFC22FA05F2801841F10001A3
S3150800038003FA0EF2801843FA05F359410EE0A5F177
S3150800039020050EF1200E012A03FA0EFC28BF4CF0A8
S315080003A0020C43FA05F3C01851EBE37101F000455E
S315080003B007D54FF0000EDCF1000C7EEB00006EEB6B
S315080003C00101B1F5801F1BD3B1F5001F0CD34908F5
S315080003D05FEA30004FEA3C0C04F101044FEA44524C
S315080003E012F5800F80F09A80BCF1004F08BF5FEAD3
S315080003F0500C50F1000041EB045141EA050130BDB3
S315080004005FEA4C0C404141EB0101013C28BFB1F5C4
S31508000410801FE9D291F0000F04BF01460020B1FA0F
S3150800042081F308BF2033A3F10B03B3F120020CDAE2
S315080004300C3208DD02F1140CC2F10C0201FA0CF0C0
S3150800044021FA02F10CE002F11402D8BFC2F1200C25
S3150800045001FA02F120FA0CFCDCBF41EA0C019040DB
S31508000460E41AA2BF01EB0451294330BD6FEA040424
S315080004701F3C1CDA0C340EDC04F11404C4F120020F
S3150800048020FA04F001FA02F340EA030021FA04F321
S3150800049045EA030130BDC4F10C04C4F1200220FA78
S315080004A002F001FA04F340EA0300294630BD21FAB6
S315080004B004F0294630BD94F0000F83F4801306BF7C
S315080004C081F480110134013D4EE77FEA645C18BF70
S315080004D07FEA655C29D094EA050F08BF90EA020F07
S315080004E005D054EA000C04BF1946104630BD91EAFF
S315080004F0030F1EBF0021002030BD5FEA545C05D102
S315080005004000494128BF41F0004130BD14F5800440
S315080005103CBF01F5801130BD01F0004545F0FE41B4
S3150800052041F470014FF0000030BD7FEA645C1ABFE9
S31508000530194610467FEA655C1CBF0B46024650EA20
S31508000540013406BF52EA033591EA030F41F400214C
S3150800055030BD00BF90F0000F04BF0021704730B5D2
S315080005604FF4806404F132044FF000054FF00001A7
S3150800057050E700BF90F0000F04BF0021704730B568
S315080005804FF4806404F1320410F0004548BF40423D
S315080005904FF000013EE700BF42004FEAE2014FEA92
S315080005A031014FEA02701FBF12F07F4393F07F4F6D
S315080005B081F06051704732F07F4208BF704793F070
S315080005C07F4F04BF41F40021704730B54FF4607483
S315080005D001F0004521F000411CE700BF50EA010286
S315080005E008BF704730B54FF000050AE050EA01022F
S315080005F008BF704730B511F0004502D5404261EB9F
S3150800060041014FF4806404F132045FEA915C3FF4DF
S31508000610D8AE4FF003025FEADC0C18BF03325FEA7C
S31508000620DC0C18BF033202EBDC02C2F1200300FA2D
S3150800063003FC20FA02F001FA03FE40EA0E0021FA52
S3150800064002F11444BDE600BF70B54FF0FF0C4CF440
S31508000650E06C1CEA11541DBF1CEA135594EA0C0FF2
S3150800066095EA0C0F00F0DEF82C4481EA030621EA2D
S315080006704C5123EA4C5350EA013518BF52EA033568
S3150800068041F4801143F4801338D0A0FB02CE4FF01A
S315080006900005E1FB02E506F00042E0FB03E54FF04A
S315080006A00006E1FB03569CF0000F18BF4EF0010E42
S315080006B0A4F1FF04B6F5007F64F5407404D25FEA3E
S315080006C04E0E6D4146EB060642EAC62141EA5551F1
S315080006D04FEAC52040EA5E504FEACE2EB4F1FD0C33
S315080006E088BFBCF5E06F1ED8BEF1004F08BF5FEAB1
S315080006F0500E50F1000041EB045170BD06F0004663
S3150800070046EA010140EA020081EA0301B4EB5C040F
S31508000710C2BFD4EB0C0541EA045170BD41F4801107
S315080007204FF0000E013C00F3AB8014F1360FDEBF2C
S31508000730002001F0004170BDC4F10004203C35DA08
S315080007400C341BDC04F11404C4F1200500FA05F38B
S3150800075020FA04F001FA05F240EA020001F000422C
S3150800076021F0004110EBD37021FA04F642EB0601A2
S315080007705EEA430E08BF20EAD37070BDC4F10C04CC
S31508000780C4F1200500FA04F320FA05F001FA04F290
S3150800079040EA020001F0004110EBD37041F100017C
S315080007A05EEA430E08BF20EAD37070BDC4F1200587
S315080007B000FA05F24EEA020E20FA04F301FA05F2EF
S315080007C043EA020321FA04F001F0004121FA04F297
S315080007D020EA020000EBD3705EEA430E08BF20EA67
S315080007E0D37070BD94F0000F0FD101F000464000A1
S315080007F041EB010111F4801F08BF013CF7D041EA23
S31508000800060195F0000F18BF704703F00046520026
S3150800081043EB030313F4801F08BF013DF7D043EAF7
S315080008200603704794EA0C0F0CEA135518BF95EAAD
S315080008300C0F0CD050EA410618BF52EA4306D1D134
S3150800084081EA030101F000414FF0000070BD50EA53
S31508000850410606BF1046194652EA430619D094EADD
S315080008600C0F02D150EA013613D195EA0C0F05D1C7
S3150800087052EA03361CBF104619460AD181EA03011B
S3150800088001F0004141F0FE4141F470014FF00000D3
S3150800089070BD41F0FE4141F4780170BD70B54FF06E
S315080008A0FF0C4CF4E06C1CEA11541DBF1CEA1355EE
S315080008B094EA0C0F95EA0C0F00F0A7F8A4EB0504D0
S315080008C081EA030E52EA03354FEA013100F08880C7
S315080008D04FEA03334FF0805545EA131343EA126390
S315080008E04FEA022245EA111545EA10654FEA002645
S315080008F00EF000419D4208BF964244F1FD0404F5FE
S31508000900407402D25B084FEA3202B61A65EB030559
S315080009105B084FEA32024FF480104FF4002CB6EB16
S31508000920020E75EB030E22BFB61A754640EA0C0096
S315080009305B084FEA3202B6EB020E75EB030E22BFD6
S31508000940B61A754640EA5C005B084FEA3202B6EB17
S31508000950020E75EB030E22BFB61A754640EA9C00D6
S315080009605B084FEA3202B6EB020E75EB030E22BFA6
S31508000970B61A754640EADC0055EA060E18D04FEA64
S31508000980051545EA16754FEA06164FEAC30343EA04
S3150800099052734FEAC2025FEA1C1CC0D111F4801FD1
S315080009A00BD141EA00014FF000004FF0004CB6E7CA
S315080009B011F4801F04BF01430020B4F1FD0C88BF69
S315080009C0BCF5E06F3FF6AFAEB5EB030C04BFB6EB74
S315080009D0020C5FEA500C50F1000041EB045170BD67
S315080009E00EF0004E4EEA113114EB5C04C2BFD4EB94
S315080009F00C0541EA045170BD41F480114FF0000E18
S31508000A00013C90E645EA060E8DE60CEA135594EA93
S31508000A100C0F08BF95EA0C0F3FF43BAF94EA0C0F96
S31508000A200AD150EA01347FF434AF95EA0C0F7FF40B
S31508000A3025AF104619462CE795EA0C0F06D152EA5F
S31508000A4003353FF4FDAE1046194622E750EA410643
S31508000A5018BF52EA43067FF4C5AE50EA41047FF454
S31508000A600DAF52EA43057FF4EBAE12E74FF0FF3CB9
S31508000A7006E000BF4FF0010C02E000BF4FF0010C8A
S31508000A804DF804CD4FEA410C7FEA6C5C4FEA430C03
S31508000A9018BF7FEA6C5C1BD001B050EA410C0CBF52
S31508000AA052EA430C91EA030F02BF90EA020F0020B4
S31508000AB0704710F1000F91EA030F58BF994208BF1B
S31508000AC090422CBFD8176FEAE37040F001007047D8
S31508000AD04FEA410C7FEA6C5C02D150EA013C07D12F
S31508000AE04FEA430C7FEA6C5CD6D152EA033CD3D07A
S31508000AF05DF8040B704700BF8446104662468C4674
S31508000B001946634600E000BF01B5FFF7B7FF0028A6
S31508000B1048BF10F1000F01BD4DF808EDFFF7F4FFCF
S31508000B200CBF012000205DF808FB00BF4DF808ED5A
S31508000B30FFF7EAFF34BF012000205DF808FB00BF7D
S31508000B404DF808EDFFF7E0FF94BF012000205DF89F
S31508000B5008FB00BF4DF808EDFFF7CEFF94BF012054
S31508000B6000205DF808FB00BF4DF808EDFFF7C4FF4D
S31508000B7034BF012000205DF808FB00BF4FEA410C96
S31508000B807FEA6C5C02D150EA013C0AD14FEA430C79
S31508000B907FEA6C5C02D152EA033C02D14FF00000B6
S31508000BA070474FF0010070474FEA410212F50012F4
S31508000BB015D211D56FF47873B3EB625212D94FEA96
S31508000BC0C12343F0004343EA505311F0004F23FA80
S31508000BD002F018BF404270474FF00000704750EAD5
S31508000BE0013005D111F0004008BF6FF00040704792
S31508000BF04FF00000704700BF4A0011D212F50012EC
S31508000C0011D20DD56FF47873B3EB62520ED44FEA56
S31508000C10C12343F0004343EA505323FA02F07047D6
S31508000C204FF00000704750EA013002D14FF0FF3014
S31508000C3070474FF0000070474FEA4102B2F1E043B7
S31508000C4024BFB3F5001CDCF1FE5C0DD901F0004CA5
S31508000C504FEAC0024CEA5070B2F1004F40EB8300F5
S31508000C6008BF20F00100704711F0804F21D113F121
S31508000C703872BCBF01F00040704741F480114FEA5A
S31508000C805252C2F11802C2F1200C10FA0CF320FAE3
S31508000C9002F018BF40F001004FEAC1234FEAD32300
S31508000CA003FA0CFC40EA0C0023FA02F34FEA43036A
S31508000CB0CCE77FEA625307D150EA01331EBF4FF0F3
S31508000CC0FE4040F44000704701F0004040F0FE400E
S31508000CD040F40000704700BF53B94AB9002908BF5D
S31508000CE000281CBF4FF0FF314FF0FF3000F0BEB9AF
S31508000CF0ADF1080C6DE904CE00F03CF8DDF804E02F
S31508000D00DDE9022304B0704738B500220023044603
S31508000D100D46FFF70BFF28B920462946BDE838409F
S31508000D2000F00AB8204605F1004100F005F84042F7
S31508000D3061EB410138BD00BFD0B50C4B0022064619
S31508000D400F46FFF781FCFFF757FF0446FFF702FC43
S31508000D50074B0022FFF778FC02460B463046394619
S31508000D60FFF7BAFAFFF748FF2146D0BD0000F03D6D
S31508000D700000F0412DE9F047089D0F4604468C46D1
S31508000D80002B48D18A42164661D9B2FA82F34BB192
S31508000D90C3F1200201FA03FC20FA02F29E4042EA5D
S31508000DA00C0C9C404FEA164EB7B2BCFBFEF1220C67
S31508000DB00EFB11CC42EA0C4201FB07F0904209D91E
S31508000DC0B21801F1FF3C80F0EE80904240F2EB80D1
S31508000DD002393244121AA4B2B2FBFEF00EFB1022FC
S31508000DE044EA024400FB07F7A74209D9341900F17F
S31508000DF0FF3280F0DA80A74240F2D78034440238C6
S31508000E0040EA0140E41B00211DB1DC400023C5E98E
S31508000E100043BDE8F0878B4206D90DB1C5E900014C
S31508000E2000210846BDE8F087B3FA83F1002948D1C6
S31508000E30BB4202D3824200F20781841A67EB03029F
S31508000E4001209446002DE4D0C5E9004CE1E7002ACC
S31508000E5000F09280B2FA82F3002B40F0A8808A1A3A
S31508000E604FEA164E1FFA86FC0121200CB2FBFEF74C
S31508000E700EFB172240EA02420CFB07F0904207D904
S31508000E80B21807F1FF3802D2904200F2E2804746D4
S31508000E90121AA4B2B2FBFEF00EFB102244EA024478
S31508000EA00CFB00FCA44507D9341900F1FF3202D225
S31508000EB0A44500F2CB801046A4EB0C0440EA074098
S31508000EC0A2E7C1F120068B4022FA06FC4CEA030C85
S31508000ED007FA01F420FA06F3F7404FEA1C492343C0
S31508000EE000FA01F81FFA8CFEB7FBF9F01C0C09FB97
S31508000EF0107744EA074400FB0EF7A74202FA01F20C
S31508000F000AD91CEB040400F1FF3A80F09B80A74243
S31508000F1040F2988002386444E41B9FB2B4FBF9F3AC
S31508000F2009FB134447EA044403FB0EFEA64509D908
S31508000F301CEB040403F1FF3780F08280A6457FD9B5
S31508000F40023B644443EA0040A4EB0E04A0FB02E71C
S31508000F50BC427346B94663D360D05DB1B8EB0302B1
S31508000F6064EB090404FA06F622FA01F31E43CC40A0
S31508000F70C5E9006400214CE76208480842EAC171E5
S31508000F800B0C43EA00438AB242EA0342B3FBF6F18A
S31508000F90E407B4463746B6461F23B0FBF6F0D21B25
S31508000FA041EA004161E7614614E7104628E7C3F1C4
S31508000FB0200120FA01F29E4027FA01F19F403A43A8
S31508000FC04FEA164E1FFA86FCB1FBFEF70EFB17100A
S31508000FD0110C41EA004107FB0CF8884504FA03F4B2
S31508000FE03AD9711807F1FF3001D288451FD8A1EB0D
S31508000FF00801B1FBFEF808FB0CF70EFB181192B2BC
S3150800100042EA0142BA422FD2B21808F1FF31C6D2DB
S31508001010BA42C4D2A8F102013244C0E7F0459CD2D4
S31508001020BEEB020367EB0C070138B94695E7A6EB5A
S3150800103008084144B81EB1FBFEF808FB0CF7DCE7CC
S315080010403B467FE7504667E70846FBE634440238E6
S3150800105032E7023F32441BE7A1EB08013846B1FBF1
S31508001060FEF808FB0CF7C8E7414698E7704700BF4B
S3150800107080B582B000AF124B9B6C114A43F0040353
S3150800108093640F4B9B6C03F004037B607B680C4BEB
S315080010909B6C0B4A43F001039364094B9B6C03F06A
S315080010A001033B603B68002200210B2000F02FFD66
S315080010B00B2000F046FD00BF0837BD4680BD00BFC7
S315080010C00010024080B58AB000AF07F11403002271
S315080010D01A605A609A60DA601A61244BDB6C234AFC
S315080010E043F00403D364214BDB6C03F004033B6138
S315080010F03B691E4BDB6C1D4A43F02003D3641B4B34
S31508001100DB6C03F02003FB60FB68184BDB6C174AAB
S3150800111043F00103D364154BDB6C03F00103BB609A
S31508001120BB68124BDB6C114A43F00203D3640F4BC6
S31508001130DB6C03F002037B607B6801224FF40051ED
S315080011400B4801F0E9F94FF400537B610123BB61B9
S315080011500123FB6100233B6207F114031946044887
S3150800116001F04EF800BF2837BD4680BD001002408A
S315080011700008004880B584B002AF00F05AFB00F0C2
S3150800118041F8FFF79FFFFFF773FF00F0EBF900F058
S3150800119045FA164802F028FA154BD3ED007A9FED6A
S315080011A0157A77EE877A124BC3ED007A00237B60B7
S315080011B00F4B1B681846FFF7EFF902460B46CDE9B9
S315080011C000230D4A4FF480710C4805F0ABF878609F
S315080011D07B68002B06DD7B689BB21A4607490848E0
S315080011E002F06EFE642000F095FBD5E7F8010020BA
S315080011F0F00100200AD7233C409C0008C4020020C6
S31508001200C403002080B594B000AF07F11803382254
S315080012100021184605F022F93B1D00221A605A6083
S315080012209A60DA601A61002001F0A8F90123BB610F
S315080012304FF48033FB6102237B630323BB630123E3
S31508001240FB6328233B6402237B640223BB640223DB
S31508001250FB6407F11803184601F044FA0346002B0D
S3150800126001D000F018F80F237B600323BB6000232E
S31508001270FB6000233B6100237B613B1D042118466C
S3150800128001F042FD0346002B01D000F004F800BF30
S315080012905037BD4680BD80B400AF72B600BF00BFF0
S315080012A0FDE7000080B582B000AF0F4B1B6E0E4AFB
S315080012B043F0010313660C4B1B6E03F001037B60BE
S315080012C07B68094B9B6D084A43F080539365064B30
S315080012D09B6D03F080533B603B6801F0F3F900BF58
S315080012E00837BD4680BD00BF0010024080B400AF7D
S315080012F000BFFDE780B400AF00BFFDE780B400AFD4
S3150800130000BFFDE780B400AF00BFFDE780B400AFC3
S3150800131000BFFDE780B400AF00BFBD465DF8047BA3
S31508001320704780B400AF00BFBD465DF8047B7047C8
S3150800133080B400AF00BFBD465DF8047B704780B53A
S3150800134000AF00F0C9FA00BF80BD000080B500AF4D
S31508001350024800F0F9FD00BF80BD00BF5804002018
S3150800136080B500AF024802F02BFE00BF80BD00BF6B
S31508001370C403002080B500AF024802F09FF900BF01
S3150800138080BD00BFF801002080B582B000AF78604C
S315080013907B68064A934204D14FF40051044801F091
S315080013A0D3F800BF0837BD4680BD00BFF80100204E
S315080013B00008004880B400AF01231846BD465DF812
S315080013C0047B704780B582B000AF7860396005F05D
S315080013D097F8034616221A604FF0FF331846083767
S315080013E0BD4680BD80B582B000AF78604FF0FF3152
S315080013F07868FFF7E7FF00BFFDE780B586B000AF66
S31508001400F860B9607A6000237B610AE0AFF3008078
S315080014100146BB685A1CBA60CAB21A707B690133A6
S315080014207B617A697B689A42F0DB7B6818461837D5
S31508001430BD4680BD80B586B000AFF860B9607A60F9
S3150800144000237B6109E0BB685A1CBA601B78184602
S31508001450AFF300807B6901337B617A697B689A42C6
S31508001460F1DB7B6818461837BD4680BD80B483B06B
S3150800147000AF78604FF0FF3318460C37BD465DF86D
S31508001480047B704780B483B000AF786039603B68EE
S315080014904FF400525A60002318460C37BD465DF8D3
S315080014A0047B704780B483B000AF78600123184688
S315080014B00C37BD465DF8047B704780B485B000AF35
S315080014C0F860B9607A60002318461437BD465DF89F
S315080014D0047B704780B586B000AF7860144A154B18
S315080014E0D31A7B617B693B61134B1B68002B02D1C6
S315080014F0114B124A1A60104B1A687B6813443A69F2
S315080015009A4207D204F0FCFF03460C221A604FF0F9
S31508001510FF3309E0084B1B68FB60074B1A687B68BA
S315080015201344054A1360FB6818461837BD4680BD44
S315080015300080002000040000F401002008060020B6
S3150800154080B400AF064BD3F88830054A43F47003DD
S31508001550C2F8883000BFBD465DF8047B704700BFFF
S3150800156000ED00E080B584B000AF3B1D00221A6094
S315080015705A609A60144B154A1A60134B9F225A6098
S31508001580114B00229A60104B6322DA600E4B8022C0
S315080015909A610D4801F0C4FF0346002B01D0FFF7FE
S315080015A07AFE00237B600023FB603B1D1946064834
S315080015B002F064FB0346002B01D0FFF76CFE00BF68
S315080015C01037BD4680BD00BFF8010020001000405E
S315080015D080B584B000AF78607B681B680D4A93427B
S315080015E013D10D4B9B6D0C4A43F0100393650A4BC0
S315080015F09B6D03F01003FB60FB6800220021362078
S3150800160000F085FA362000F09CFA00BF1037BD4678
S3150800161080BD00BF001000400010024080B500AF3A
S31508001620264B274A1A60254B4FF4E1325A60234B62
S3150800163000229A60214B0022DA60204B00221A61B0
S315080016401E4B0C225A611D4B00229A611B4B00222D
S31508001650DA611A4B00221A62184B00225A62174B9B
S3150800166030229A62154B4FF48052DA63134B4FF4CB
S3150800167000521A64114802F0D3FB0346002B01D02E
S31508001680FFF709FE00210D4803F055FE0346002B1F
S3150800169001D0FFF700FE0021084803F08AFE034642
S315080016A0002B01D0FFF7F7FD044803F00BFE0346B5
S315080016B0002B01D0FFF7EFFD00BF80BDC40300205B
S315080016C00038014080B59AB000AF786007F154033E
S315080016D000221A605A609A60DA601A6107F11003EC
S315080016E044220021184604F0B9FE7B681B68374A75
S315080016F0934266D101233B6100237B6107F1100306
S31508001700184601F01DFD0346002B01D0FFF7C3FD67
S315080017102F4B1B6E2E4A43F4804313662C4B1B6ECD
S3150800172003F48043FB60FB68294BDB6C284A43F0D3
S315080017300203D364264BDB6C03F00203BB60BB6871
S31508001740C0237B650223BB650023FB6500233B663C
S3150800175007237B6607F1540319461E4800F050FD1F
S315080017601D4B1E4A1A601C4B19225A601A4B10222E
S315080017709A60194B0022DA60174B80221A61164BC1
S3150800178000225A61144B00229A61134B0022DA6137
S31508001790114B00221A62104800F0EEF90346002B9E
S315080017A001D0FFF778FD7B680B4ADA670A4A7B683F
S315080017B0936200220021252000F0A9F9252000F0D7
S315080017C0C0F900BF6837BD4680BD00BF003801407C
S315080017D00010024000040048580400200800024097
S315080017E00D488546FFF7ACFE0C480D490D4A002307
S315080017F002E0D458C4500433C4188C42F9D30A4AB8
S315080018000A4C002301E013600432A242FBD304F021
S315080018107DFEFFF7AFFCFEE70080002000000020F9
S31508001820D4010020CCA00008D4010020080600201E
S31508001830FEE780B582B000AF0023FB71032000F0FD
S315080018405BF90F2000F00EF80346002B02D00123A7
S31508001850FB7101E0FFF726FDFB7918460837BD4600
S3150800186080BD000080B584B000AF78600023FB73AC
S31508001870164B1B68002B22D0154B1A68134B1B6896
S315080018804FF47A71B1FBF3F3B2FBF3F3184600F0A9
S3150800189066F90346002B0FD17B680F2B09D8002267
S315080018A079684FF0FF3000F032F90A4A7B68136016
S315080018B007E00123FB7304E00123FB7301E0012326
S315080018C0FB73FB7B18461037BD4680BD0800002019
S315080018D0000000200400002080B400AF054B1A6801
S315080018E0054B1B681344034A136000BFBD465DF8E9
S315080018F0047B7047B80400200800002080B400AFBD
S31508001900034B1B681846BD465DF8047B704700BF4D
S31508001910B804002080B584B000AF7860FFF7EEFF0A
S31508001920B8607B68FB60FB68B3F1FF3F04D0094BE6
S315080019301B68FA681344FB6000BFFFF7DFFF024627
S31508001940BB68D31AFA689A42F7D800BF00BF1037A7
S31508001950BD4680BD0800002080B485B000AF786021
S315080019607B6803F00703FB600C4BDB68BB60BA6857
S315080019704FF6FF031340BB60FB681A02BB681343AC
S3150800198043F0BF6343F40033BB60044ABB68D360CB
S3150800199000BF1437BD465DF8047B704700ED00E0D4
S315080019A080B400AF044BDB681B0A03F00703184634
S315080019B0BD465DF8047B704700ED00E080B483B057
S315080019C000AF0346FB7197F90730002B0BDBFB7959
S315080019D003F01F02074997F907305B09012000FA4F
S315080019E002F241F8232000BF0C37BD465DF8047BA0
S315080019F0704700BF00E100E080B483B000AF034643
S31508001A003960FB7197F90730002B0ADB3B68DAB2BD
S31508001A100C4997F907301201D2B20B4483F8002318
S31508001A200AE03B68DAB20849FB7903F00F03043B86
S31508001A301201D2B20B441A7600BF0C37BD465DF8C8
S31508001A40047B704700E100E000ED00E080B489B057
S31508001A5000AFF860B9607A60FB6803F00703FB61C2
S31508001A60FB69C3F10703042B28BF0423BB61FB6989
S31508001A700433062B02D9FB69033B00E000237B6194
S31508001A804FF0FF32BB6902FA03F3DA43BB681A4028
S31508001A907B699A404FF0FF317B6901FA03F3D9431A
S31508001AA07B680B40134318462437BD465DF8047B14
S31508001AB07047000080B582B000AF78607B68013B54
S31508001AC0B3F1807F01D301230FE00A4A7B68013B0B
S31508001AD053600F214FF0FF30FFF78EFF054B0022B2
S31508001AE09A60044B07221A60002318460837BD4639
S31508001AF080BD00BF10E000E080B582B000AF78601E
S31508001B007868FFF729FF00BF0837BD4680BD80B556
S31508001B1086B000AF0346B9607A60FB73FFF740FFF3
S31508001B2078617A68B9687869FFF790FF024697F98D
S31508001B300F3011461846FFF75FFF00BF1837BD463E
S31508001B4080BD80B582B000AF0346FB7197F90730B8
S31508001B501846FFF733FF00BF0837BD4680BD80B57E
S31508001B6082B000AF78607868FFF7A4FF034618468E
S31508001B700837BD4680BD000080B584B000AF7860E8
S31508001B807B68002B01D101238EE07B681B681A460F
S31508001B90474B9A420FD87B681B681A46454B134435
S31508001BA0454AA2FB03231B099A007B685A647B6893
S31508001BB0424A1A640EE07B681B681A46404B134477
S31508001BC03D4AA2FB03231B099A007B685A647B687B
S31508001BD03C4A1A647B68022283F825207B681B68C6
S31508001BE01B68FB60FB6823F4FF4323F07003FB606C
S31508001BF07B689A687B68DB681A437B681B691A43AB
S31508001C007B685B691A437B689B691A437B68DB6957
S31508001C101A437B681B6A1343FA681343FB607B68A5
S31508001C201B68FA681A60786800F07CFA7B689B681B
S31508001C30B3F5804F02D17B6800225A607B685A68E8
S31508001C407B689B6C02F07F021A607B68DB6C7A68A3
S31508001C50126D5A607B685B68002B10D07B685B68E6
S31508001C60042B0CD8786800F0A5FA7B685B6D002217
S31508001C701A607B689B6D7A68D26D5A6008E07B684B
S31508001C8000225A657B6800229A657B680022DA651D
S31508001C907B680022DA637B68012283F825207B684B
S31508001CA0002283F82420002318461037BD4680BD3D
S31508001CB007040240F8FFFDBFCDCCCCCC00000240A3
S31508001CC0F8FBFDBF0004024080B586B000AFF8609F
S31508001CD0B9607A603B600023FB75FB6893F8243093
S31508001CE0012B01D1022366E0FB68012283F8242038
S31508001CF0FB6893F82530DBB2012B55D1FB6802222D
S31508001D0083F82520FB680022DA63FB681B681A68DB
S31508001D10FB681B6822F001021A603B687A68B9689A
S31508001D20F86800F0C0F9FB681B6B002B08D0FB684D
S31508001D301B681A68FB681B6842F00E021A600FE0FF
S31508001D40FB681B681A68FB681B6822F004021A60A5
S31508001D50FB681B681A68FB681B6842F00A021A606F
S31508001D60FB689B6C1B6803F48033002B07D0FB6869
S31508001D709B6C1A68FB689B6C42F480721A60FB685D
S31508001D805B6D002B07D0FB685B6D1A68FB685B6DA3
S31508001D9042F480721A60FB681B681A68FB681B6845
S31508001DA042F001021A6005E0FB68002283F824204D
S31508001DB00223FB75FB7D18461837BD4680BD80B4E7
S31508001DC085B000AF78600023FB737B68002B01D1D8
S31508001DD001234CE07B6893F82530DBB2022B05D053
S31508001DE07B680422DA630123FB7337E07B681B6890
S31508001DF01A687B681B6822F001021A607B681B68F8
S31508001E001A687B681B6822F00E021A607B689B6C56
S31508001E101A687B689B6C22F480721A607B685B6C1C
S31508001E2003F01F027B681B6C012101FA02F25A605B
S31508001E307B68DB6C7A68126D5A607B685B6D002B79
S31508001E400CD07B685B6D1A687B685B6D22F48072C8
S31508001E501A607B689B6D7A68D26D5A607B6801222E
S31508001E6083F825207B68002283F82420FB7B18460C
S31508001E701437BD465DF8047B704780B584B000AF63
S31508001E8078600023FB737B6893F82530DBB2022B5E
S31508001E900DD07B680422DA637B68012283F825204B
S31508001EA07B68002283F824200123FB7347E07B68C4
S31508001EB01B681A687B681B6822F001021A607B6837
S31508001EC01B681A687B681B6822F00E021A607B681A
S31508001ED09B6C1A687B689B6C22F480721A607B681C
S31508001EE05B6C03F01F027B681B6C012101FA02F28E
S31508001EF05A607B68DB6C7A68126D5A607B685B6D2A
S31508001F00002B0CD07B685B6D1A687B685B6D22F4CE
S31508001F1080721A607B689B6D7A68D26D5A607B689E
S31508001F20012283F825207B68002283F824207B6819
S31508001F309B6B002B03D07B689B6B78689847FB7B71
S31508001F4018461037BD4680BD80B584B000AF7860AE
S31508001F507B681B6C1B68FB607B681B681B68BB6027
S31508001F607B685B6C03F01F0304229A40FB681340EE
S31508001F70002B26D0BB6803F00403002B21D07B6816
S31508001F801B681B6803F02003002B07D17B681B68BE
S31508001F901A687B681B6822F004021A607B685B6C0F
S31508001FA003F01F027B681B6C042101FA02F25A60D7
S31508001FB07B681B6B002B71D07B681B6B7868984716
S31508001FC06CE07B685B6C03F01F0302229A40FB6897
S31508001FD01340002B2ED0BB6803F00203002B29D038
S31508001FE07B681B681B6803F02003002B0BD17B68FA
S31508001FF01B681A687B681B6822F00A021A607B68ED
S31508002000012283F825207B685B6C03F01F027B683E
S315080020101B6C022101FA02F25A607B68002283F8DF
S3150800202024207B68DB6A002B38D07B68DB6A7868FB
S31508002030984733E07B685B6C03F01F0308229A40DD
S31508002040FB681340002B2AD0BB6803F00803002B5B
S3150800205025D07B681B681A687B681B6822F00E020D
S315080020601A607B685B6C03F01F027B681B6C01219E
S3150800207001FA02F25A607B680122DA637B68012260
S3150800208083F825207B68002283F824207B685B6B15
S31508002090002B04D07B685B6B7868984700BF00BF4D
S315080020A01037BD4680BD80B485B000AFF860B96012
S315080020B07A603B60FB68DB6CFA68126D5A60FB68F5
S315080020C05B6D002B04D0FB689B6DFA68D26D5A6075
S315080020D0FB685B6C03F01F02FB681B6C012101FAAD
S315080020E002F25A60FB681B683A685A60FB689B688C
S315080020F0102B08D1FB681B687A689A60FB681B6816
S31508002100BA68DA6007E0FB681B68BA689A60FB6819
S315080021101B687A68DA6000BF1437BD465DF8047B31
S315080021207047000080B487B000AF78607B681B6892
S315080021301A461B4B9A420BD81A4B3B617B681B68A5
S31508002140DBB2083B184AA2FB03231B097B610BE0A1
S31508002150164B3B617B681B68DBB2083B124AA2FB45
S3150800216003231B0906337B613B69FB607B685B6C59
S315080021709B089A00FB6813441A467B689A647B6836
S315080021800B4ADA647B6903F01F0301229A407B68D5
S315080021901A6500BF1C37BD465DF8047B704700BF53
S315080021A00704024000080240CDCCCCCC20080240EF
S315080021B08008024080B485B000AF78607B685B68B1
S315080021C003F07F03FB60FA680B4B13449B001A4627
S315080021D07B685A657B68094A9A65FB68013B03F088
S315080021E01F0301229A407B68DA6500BF1437BD4693
S315080021F05DF8047B704700BF3F820010400902402B
S3150800220080B487B000AF7860396000237B6164E1F1
S315080022103B681A6801217B6901FA03F31340FB60E6
S31508002220FB68002B00F056813B685B6803F00303EC
S31508002230012B05D03B685B6803F00303022B30D102
S315080022407B689B683B617B695B00032202FA03F3A8
S31508002250DB433A6913403B613B68DA687B695B009C
S3150800226002FA03F33A6913433B617B683A699A6059
S315080022707B685B683B6101227B6902FA03F3DB43F7
S315080022803A6913403B613B685B681B0903F001022E
S315080022907B6902FA03F33A6913433B617B683A693F
S315080022A05A603B685B6803F00303032B09D13B685C
S315080022B05B6803F00303032B1BD13B689B68012B68
S315080022C017D07B68DB683B617B695B00032202FAF7
S315080022D003F3DB433A6913403B613B689A687B69C1
S315080022E05B0002FA03F33A6913433B617B683A6978
S315080022F0DA603B685B6803F00303022B23D17B6932
S31508002300DA087B68083253F822303B617B6903F0B0
S3150800231007039B000F2202FA03F3DB433A691340D3
S315080023203B613B681A697B6903F007039B0002FA65
S3150800233003F33A6913433B617B69DA087B68083221
S31508002340396943F822107B681B683B617B695B002F
S31508002350032202FA03F3DB433A6913403B613B6805
S315080023605B6803F003027B695B0002FA03F33A69D0
S3150800237013433B617B683A691A603B685B6803F400
S315080023804033002B00F0A6805B4B1B6E5A4A43F085
S3150800239001031366584B1B6E03F00103BB60BB6851
S315080023A0564A7B699B08023352F823303B617B69A6
S315080023B003F003039B000F2202FA03F3DB433A6997
S315080023C013403B617B68B3F1904F1FD07B684C4A42
S315080023D0934219D07B684B4A934213D07B684A4A8A
S315080023E093420DD07B68494A934207D07B68484A96
S315080023F0934201D105230AE0062308E0042306E0F8
S31508002400032304E0022302E0012300E000237A69A3
S3150800241002F00302920093403A6913433B6137493D
S315080024207B699B0802333A6941F82320394B9B683C
S315080024303B61FB68DB433A6913403B613B685B6879
S3150800244003F48013002B03D03A69FB6813433B61FE
S31508002450304A3B6993602F4BDB683B61FB68DB4383
S315080024603A6913403B613B685B6803F40013002B31
S3150800247003D03A69FB6813433B61264A3B69D3603C
S31508002480244B5B683B61FB68DB433A6913403B615D
S315080024903B685B6803F40033002B03D03A69FB689A
S315080024A013433B611B4A3B6953601A4B1B683B61EC
S315080024B0FB68DB433A6913403B613B685B6803F49E
S315080024C08033002B03D03A69FB6813433B61114AFA
S315080024D03B6913607B6901337B613B681A687B69DA
S315080024E022FA03F3002B7FF493AE00BF00BF1C371C
S315080024F0BD465DF8047B70470010024000000140AD
S315080025000004004800080048000C00480010004875
S31508002510001400480004014080B483B000AF78601E
S315080025200B467B8013467B707B78002B03D07A881A
S315080025307B689A6102E07A887B689A6200BF0C37EA
S31508002540BD465DF8047B704780B485B000AF7860FF
S315080025500B467B807B685B69FB607A88FB68134067
S315080025601A04FB68D9437B880B401A437B689A6137
S3150800257000BF1437BD465DF8047B704780B485B04C
S3150800258000AF78607B68002B41D14B4B1B6803F486
S31508002590C063B3F5806F31D1474BD3F88030464AD4
S315080025A023F48073C2F88030434B1B6823F4C0635E
S315080025B0414A43F400731360404B1B68322202FB06
S315080025C003F33F4AA2FB03239B0C0133FB6002E0A3
S315080025D0FB68013BFB60384B5B6903F48063B3F52A
S315080025E0806F02D1FB68002BF2D1334B5B6903F491
S315080025F08063B3F5806F58D1032357E02E4BD3F889
S3150800260080302D4A23F48073C2F880304DE07B6811
S31508002610B3F5007F41D1284B1B6803F4C063B3F5BB
S31508002620806F31D1244BD3F88030234A43F480732A
S31508002630C2F88030204B1B6823F4C0631E4A43F45B
S31508002640007313601D4B1B68322202FB03F31C4AFE
S31508002650A2FB03239B0C0133FB6002E0FB68013BF2
S31508002660FB60154B5B6903F48063B3F5806F02D199
S31508002670FB68002BF2D1104B5B6903F48063B3F55A
S31508002680806F12D1032311E00B4BD3F880300A4A2E
S3150800269043F48073C2F8803007E0074B1B6823F4C5
S315080026A0C063054A43F48063136000231846143751
S315080026B0BD465DF8047B70470070004000000020AE
S315080026C083DE1B4380B400AF054B9B68044A43F482
S315080026D08043936000BFBD465DF8047B704700BF2A
S315080026E00070004080B588B000AF78607B68002B2A
S315080026F001D10123FEE27B681B6803F00103002B6E
S3150800270075D0974B9B6803F00C03BB61944BDB6851
S3150800271003F003037B61BB690C2B02D17B69032B96
S3150800272002D0BB69082B0BD18D4B1B6803F4003311
S31508002730002B5BD07B685B68002B57D10123D9E25D
S315080027407B685B68B3F5803F06D1854B1B68844A76
S3150800275043F4803313601DE07B685B68B3F5A02FF4
S315080027600CD17F4B1B687E4A43F4802313607C4B55
S315080027701B687B4A43F4803313600BE0784B1B6875
S31508002780774A23F480331360754B1B68744A23F425
S31508002790802313607B685B68002B13D0FFF7AEF8C5
S315080027A0386108E0FFF7AAF802463B69D31A642B9A
S315080027B001D903239EE26A4B1B6803F40033002BFE
S315080027C0F0D014E0FFF79AF8386108E0FFF796F8BA
S315080027D002463B69D31A642B01D903238AE2604B6C
S315080027E01B6803F40033002BF0D100E000BF7B68C0
S315080027F01B6803F00203002B75D0594B9B6803F046
S315080028000C03BB61564BDB6803F003037B61BB69B2
S315080028100C2B02D17B69022B02D0BB69042B1FD17A
S315080028204F4B1B6803F48063002B05D07B68DB687D
S31508002830002B01D101235DE2494B5B6823F0FE4280
S315080028407B681B691B06464913434B60454B1B684F
S315080028501846FFF707F80346002B43D0012349E241
S315080028607B68DB68002B23D03D4B1B683C4A43F44E
S3150800287080731360FFF742F8386108E0FFF73EF807
S3150800288002463B69D31A022B01D9032332E2344BA1
S315080028901B6803F48063002BF0D0314B5B6823F090
S315080028A0FE427B681B691B062D4913434B601AE0E1
S315080028B02B4B1B682A4A23F480731360FFF71EF814
S315080028C0386108E0FFF71AF802463B69D31A022B6B
S315080028D001D903230EE2224B1B6803F48063002B05
S315080028E0F0D100E000BF7B681B6803F00803002BEB
S315080028F041D07B685B69002B1CD0194BD3F8943008
S31508002900174A43F00103C2F89430FEF7F7FF38611F
S3150800291008E0FEF7F3FF02463B69D31A022B01D9FA
S315080029200323E7E10E4BD3F8943003F00203002BA0
S31508002930EFD020E00A4BD3F89430094A23F001037C
S31508002940C2F89430FEF7DAFF38610DE0FEF7D6FFDD
S3150800295002463B69D31A022B06D90323CAE100BFF4
S3150800296000100240040000208C4BD3F8943003F08A
S315080029700203002BEAD17B681B6803F00403002BD3
S3150800298000F0A6800023FB77844B9B6D03F08053F1
S31508002990002B01D1012300E00023002B0DD07F4B33
S315080029A09B6D7E4A43F0805393657C4B9B6D03F089
S315080029B08053FB60FB680123FB77794B1B6803F4A4
S315080029C08073002B18D1764B1B68754A43F48073C5
S315080029D01360FEF793FF386108E0FEF78FFF0246A3
S315080029E03B69D31A022B01D9032383E16C4B1B687D
S315080029F003F48073002BF0D07B689B68012B08D109
S31508002A00664BD3F89030654A43F00103C2F890301C
S31508002A1024E07B689B68052B10D1604BD3F8903077
S31508002A205E4A43F00403C2F890305C4BD3F890300A
S31508002A305A4A43F00103C2F890300FE0574BD3F8D7
S31508002A409030564A23F00103C2F89030534BD3F81E
S31508002A509030524A23F00403C2F890307B689B6892
S31508002A60002B16D0FEF74AFF38610AE0FEF746FF4C
S31508002A7002463B69D31A41F28832934201D90323AD
S31508002A8038E1464BD3F8903003F00203002BEDD023
S31508002A9015E0FEF733FF38610AE0FEF72FFF02461E
S31508002AA03B69D31A41F28832934201D9032321E1C3
S31508002AB03A4BD3F8903003F00203002BEDD1FB7F9D
S31508002AC0012B05D1354B9B6D344A23F08053936512
S31508002AD07B681B6803F02003002B3CD07B689B694E
S31508002AE0002B1CD02D4BD3F898302C4A43F0010309
S31508002AF0C2F89830FEF702FF386108E0FEF7FEFEDE
S31508002B0002463B69D31A022B01D90323F2E0234B71
S31508002B10D3F8983003F00203002BEFD01BE01F4BCD
S31508002B20D3F898301D4A23F00103C2F89830FEF70F
S31508002B30E5FE386108E0FEF7E1FE02463B69D31A76
S31508002B40022B01D90323D5E0144BD3F8983003F0B0
S31508002B500203002BEFD17B68DB69002B00F0C980EC
S31508002B600E4B9B6803F00C030C2B00F083807B68EC
S31508002B70DB69022B5ED1094B1B68084A23F0807378
S31508002B801360FEF7BBFE38610CE0FEF7B7FE02469F
S31508002B903B69D31A022B05D90323ABE00010024088
S31508002BA000700040554B1B6803F00073002BECD1F6
S31508002BB0524BDA68524B13407A68116A7A68526A3D
S31508002BC0013A120111437A68926A120211437A682D
S31508002BD0126B5208013A520511437A68526B520831
S31508002BE0013A520611437A68D26AD2060A43434921
S31508002BF01343CB60414B1B68404A43F08073136014
S31508002C003E4BDB683D4A43F08073D360FEF776FEA1
S31508002C10386108E0FEF772FE02463B69D31A022BBA
S31508002C2001D9032366E0354B1B6803F00073002BBC
S31508002C30F0D05EE0314B1B68304A23F08073136096
S31508002C40FEF75CFE386108E0FEF758FE02463B696F
S31508002C50D31A022B01D903234CE0284B1B6803F037
S31508002C600073002BF0D1254BDA682449254B134015
S31508002C70CB603EE07B68DB69012B01D1012339E09B
S31508002C801E4BDB687B617B6903F003027B681B6A6A
S31508002C909A422CD17B6903F0F0027B685B6A013BA0
S31508002CA01B019A4223D17B6903F4FE427B689B6A27
S31508002CB01B029A421BD17B6903F078427B68DB6A68
S31508002CC0DB069A4213D17B6903F4C0027B681B6B4F
S31508002CD05B08013B5B059A4209D17B6903F0C06238
S31508002CE07B685B6B5B08013B5B069A4201D001235C
S31508002CF000E0002318462037BD4680BD001002407C
S31508002D000C809F01FCFFEEFE80B586B000AF7860B0
S31508002D10396000237B617B68002B01D101231EE10A
S31508002D20914B1B6803F00F033A689A4210D98E4BF1
S31508002D301B6823F00F028C493B6813430B608A4BD0
S31508002D401B6803F00F033A689A4201D0012306E193
S31508002D507B681B6803F00103002B73D07B685B68F4
S31508002D60032B29D1814B1B6803F00073002B01D17B
S31508002D700123F4E000F09EF938613B697C4A9342EE
S31508002D803FD97A4B9B6803F0F003002B09D07B6888
S31508002D901B6803F00203002B33D07B689B68002B6B
S31508002DA02FD1724B9B6823F0F003704A43F08003DF
S31508002DB0936080237B6124E07B685B68022B07D1E4
S31508002DC06A4B1B6803F40033002B09D10123C6E0C4
S31508002DD0664B1B6803F48063002B01D10123BEE018
S31508002DE000F0CEF838613B69614A934209D95F4BD6
S31508002DF09B6823F0F0035D4A43F0800393608023C9
S31508002E007B615A4B9B6823F003027B685B685749D2
S31508002E1013438B60FEF772FDF8600AE0FEF76EFD5D
S31508002E200246FB68D31A41F28832934201D903233A
S31508002E3095E04E4B9B6803F00C027B685B689B0031
S31508002E409A42EBD17B681B6803F00203002B23D060
S31508002E507B681B6803F00403002B05D0434B9B6873
S31508002E60424A43F4E06393607B681B6803F00803F7
S31508002E70002B07D03D4B9B6823F47C533B4A43F415
S31508002E80E0639360394B9B6823F0F0027B689B688C
S31508002E90364913438B6008E07B69802B05D1334B99
S31508002EA09B68324A23F0F00393602F4B1B6803F0AC
S31508002EB00F033A689A421DD22B4B1B6823F00F0268
S31508002EC029493B6813430B60FEF718FDF8600AE0D2
S31508002ED0FEF714FD0246FB68D31A41F28832934284
S31508002EE001D903233BE0204B1B6803F00F033A6824
S31508002EF09A42EDD17B681B6803F00403002B08D0C7
S31508002F001A4B9B6823F4E0627B68DB681749134316
S31508002F108B607B681B6803F00803002B09D0134BF2
S31508002F209B6823F460527B681B69DB000F491343D7
S31508002F308B6000F025F802460C4B9B681B0903F0D2
S31508002F400F030C49CB5C03F01F0322FA03F30A4A6A
S31508002F5013600A4B1B681846FEF784FC034618469E
S31508002F601837BD4680BD00BF002002400010024051
S31508002F7000B4C404549C000800000020040000208B
S31508002F8080B487B000AF2C4B9B6803F00C03042B6E
S31508002F9002D12A4B3B6147E0274B9B6803F00C03A1
S31508002FA0082B02D1264B3B613EE0234B9B6803F07E
S31508002FB00C030C2B36D1204BDB6803F00303FB60B4
S31508002FC01D4BDB681B0903F00F030133BB60FB686D
S31508002FD0032B0CD11A4ABB68B2FBF3F3164AD26824
S31508002FE0120A02F07F0202FB03F37B610CE0134A2C
S31508002FF0BB68B2FBF3F3104AD268120A02F07F02EA
S3150800300002FB03F37B6100BF0B4BDB685B0E03F02F
S31508003010030301335B007B607A697B68B2FBF3F3D9
S315080030203B6101E000233B613B6918461C37BD46FE
S315080030305DF8047B704700BF001002400024F400CE
S3150800304000127A0080B400AF034B1B681846BD46D1
S315080030505DF8047B704700BF0000002080B500AF14
S31508003060FFF7F0FF0246064B9B681B0A03F00703AF
S315080030700449CB5C03F01F0322FA03F3184680BD0C
S3150800308000100240649C000880B500AFFFF7DAFF25
S315080030900246064B9B68DB0A03F007030449CB5C30
S315080030A003F01F0322FA03F3184680BD00100240FE
S315080030B0649C000880B487B000AF1E4BDB6803F041
S315080030C003033B611B4BDB681B0903F00F0301334A
S315080030D0FB603B69032B0CD1174AFB68B2FBF3F381
S315080030E0144AD268120A02F07F0202FB03F37B61DC
S315080030F00CE0124AFB68B2FBF3F30E4AD268120AD6
S3150800310002F07F0202FB03F37B6100BF094BDB6819
S315080031105B0E03F0030301335B00BB607A69BB688F
S31508003120B2FBF3F37B607B6818461C37BD465DF837
S31508003130047B70470010024000127A000024F40055
S3150800314080B586B000AF78600023FB740023BB749B
S315080031507B681B6803F40023002B00F0988000238B
S315080031607B74434B9B6D03F08053002B0DD1404B72
S315080031709B6D3F4A43F0805393653D4B9B6D03F02F
S315080031808053BB60BB6801237B743A4B1B68394A82
S3150800319043F480731360FEF7B1FBF86009E0FEF7AD
S315080031A0ADFB0246FB68D31A022B02D90323FB7434
S315080031B005E0304B1B6803F48073002BEFD0FB7CD3
S315080031C0002B59D12A4BD3F8903003F440737B6116
S315080031D07B69002B1ED07B681B6C7A699A4219D0D2
S315080031E0234BD3F8903023F440737B61204BD3F8FC
S315080031F090301F4A43F48033C2F890301C4BD3F802
S3150800320090301B4A23F48033C2F89030184A7B6901
S31508003210C2F890307B6903F00103002B16D0FEF745
S315080032206DFBF8600BE0FEF769FB0246FB68D31AF4
S3150800323041F28832934202D90323FB7406E00C4B11
S31508003240D3F8903003F00203002BECD0FB7C002B64
S315080032500BD1074BD3F8903023F440727B681B6C74
S3150800326003491343C1F8903008E0FB7CBB7405E0C2
S315080032700010024000700040FB7CBB747B7C012B75
S3150800328005D1A64B9B6DA54A23F0805393657B68B1
S315080032901B6803F00103002B0AD0A04BD3F8883033
S315080032A023F003027B685B689C491343C1F88830A6
S315080032B07B681B6803F00203002B0AD0974BD3F8F0
S315080032C0883023F00C027B689B6894491343C1F845
S315080032D088307B681B6803F00403002B0AD08F4BE9
S315080032E0D3F8883023F030027B68DB688B491343B8
S315080032F0C1F888307B681B6803F00803002B0AD0E6
S31508003300864BD3F8883023F0C0027B681B69834953
S315080033101343C1F888307B681B6803F02003002B31
S315080033200AD07E4BD3F8883023F440627B685B6909
S315080033307A491343C1F888307B681B6803F0400359
S31508003340002B0AD0754BD3F8883023F440527B689B
S315080033509B6972491343C1F888307B681B6803F080
S315080033608003002B0AD06D4BD3F8883023F44042F3
S315080033707B68DB6969491343C1F888307B681B6839
S3150800338003F48073002B0AD0644BD3F8883023F4F7
S3150800339040327B681B6A61491343C1F888307B68F1
S315080033A01B6803F40073002B0AD05C4BD3F88830F3
S315080033B023F440227B685B6A58491343C1F8883076
S315080033C07B681B6803F48063002B15D0534BD3F836
S315080033D0883023F440127B689B6A50491343C1F82E
S315080033E088307B689B6AB3F5801F05D14B4BDB6839
S315080033F04A4A43F48013D3607B681B6803F400636E
S31508003400002B15D0454BD3F8883023F440027B684F
S31508003410DB6A42491343C1F888307B68DB6AB3F537
S31508003420800F05D13D4BDB683C4A43F48013D360DB
S315080034307B681B6803F48053002B15D0374BD3F8F1
S31508003440883023F040727B681B6B34491343C1F8FC
S3150800345088307B681B6BB3F1807F05D12F4BDB6807
S315080034602E4A43F48013D3607B681B6803F4005329
S31508003470002B15D0294BD3F8883023F040627B689F
S315080034805B6B26491343C1F888307B685B6BB3F1E5
S31508003490006F05D1214BDB68204A43F48013D360C3
S315080034A07B681B6803F48043002B15D01B4BD3F8AD
S315080034B0883023F040627B689B6B18491343C1F838
S315080034C088307B689B6BB3F1006F05D1134BDB68C3
S315080034D0124A43F48013D3607B681B6803F40043E5
S315080034E0002B15D00D4BD3F8883023F040527B685B
S315080034F0DB6B0A491343C1F888307B68DB6BB3F191
S31508003500805F05D1054BDB68044A43F48033D360FA
S31508003510BB7C18461837BD4680BD00BF0010024068
S3150800352080B582B000AF78607B68002B01D101239B
S3150800353054E07B6893F83D30DBB2002B11D17B68F1
S31508003540002283F83C20786800F022FB7B68DB6C5D
S31508003550002B02D17B68234ADA647B68DB6C7868C7
S3150800356098477B68022283F83D207B681A687B6847
S3150800357004331946104600F075FA7B68012283F871
S3150800358048207B68012283F83E207B68012283F865
S315080035903F207B68012283F840207B68012283F85C
S315080035A041207B68012283F842207B68012283F848
S315080035B043207B68012283F844207B68012283F834
S315080035C045207B68012283F846207B68012283F820
S315080035D047207B68012283F83D20002318460837D8
S315080035E0BD4680BDD115000880B485B000AF7860AF
S315080035F07B6893F83D30DBB2012B01D001234AE00A
S315080036007B68022283F83D207B681B68DA687B6842
S315080036101B6842F00102DA607B681B68214A934204
S3150800362018D07B681B68B3F1804F13D07B681B6882
S315080036301D4A93420ED07B681B681C4A934209D0E8
S315080036407B681B681A4A934204D07B681B68194A30
S31508003650934215D17B681B689A68174B1340FB6029
S31508003660FB68062B15D0FB68B3F5803F11D07B6845
S315080036701B681A687B681B6842F001021A6008E03A
S315080036807B681B681A687B681B6842F001021A602F
S3150800369000E000BF002318461437BD465DF8047BDA
S315080036A0704700BF002C014000040040000800409D
S315080036B000340140004001400700010080B584B095
S315080036C000AF78607B681B68DB68FB607B681B68FB
S315080036D01B69BB60BB6803F00203002B26D0FB689E
S315080036E003F00203002B21D07B681B686FF00202EF
S315080036F01A617B6801221A777B681B689B6903F04D
S315080037000303002B05D07B68D3F894307868984774
S3150800371009E07B68D3F89C30786898477B68D3F8CB
S31508003720A030786898477B6800221A77BB6803F050
S315080037300403002B26D0FB6803F00403002B21D0DA
S315080037407B681B686FF004021A617B6802221A778D
S315080037507B681B689B6903F44073002B05D07B6864
S31508003760D3F894307868984709E07B68D3F89C309A
S31508003770786898477B68D3F8A030786898477B685C
S3150800378000221A77BB6803F00803002B26D0FB68D3
S3150800379003F00803002B21D07B681B686FF0080232
S315080037A01A617B6804221A777B681B68DB6903F059
S315080037B00303002B05D07B68D3F8943078689847C4
S315080037C009E07B68D3F89C30786898477B68D3F81B
S315080037D0A030786898477B6800221A77BB6803F0A0
S315080037E01003002B26D0FB6803F01003002B21D012
S315080037F07B681B686FF010021A617B6808221A77CB
S315080038007B681B68DB6903F44073002B05D07B6873
S31508003810D3F894307868984709E07B68D3F89C30E9
S31508003820786898477B68D3F8A030786898477B68AB
S3150800383000221A77BB6803F00103002B0ED0FB6841
S3150800384003F00103002B09D07B681B686FF00102A7
S315080038501A617B68D3F8843078689847BB6803F0A8
S315080038608003002B04D1BB6803F40053002B0ED051
S31508003870FB6803F08003002B09D07B681B686FF494
S3150800388002521A617B68D3F8B43078689847BB68E7
S3150800389003F48073002B0ED0FB6803F08003002B23
S315080038A009D07B681B686FF480721A617B68D3F84D
S315080038B0B83078689847BB6803F04003002B0ED0F1
S315080038C0FB6803F04003002B09D07B681B686FF088
S315080038D040021A617B68D3F88C3078689847BB68D1
S315080038E003F02003002B0ED0FB6803F02003002B07
S315080038F009D07B681B686FF020021A617B68D3F8D1
S31508003900AC3078689847BB6803F48013002B0ED058
S31508003910FB6803F48013002B09D07B681B686FF4DF
S3150800392080121A617B68D3F8BC3078689847BB6800
S3150800393003F40013002B0ED0FB6803F40013002BCE
S3150800394009D07B681B686FF400121A617B68D3F88C
S31508003950C03078689847BB6803F48003002B0ED004
S31508003960FB6803F48003002B09D07B681B686FF49F
S3150800397080021A617B68D3F8C43078689847BB68B8
S3150800398003F40003002B0ED0FB6803F40003002B9E
S3150800399009D07B681B686FF400021A617B68D3F84C
S315080039A0C8307868984700BF1037BD4680BD80B4D8
S315080039B083B000AF786000BF0C37BD465DF8047B66
S315080039C0704780B483B000AF786000BF0C37BD463F
S315080039D05DF8047B704780B483B000AF786000BFA1
S315080039E00C37BD465DF8047B704780B483B000AFE2
S315080039F0786000BF0C37BD465DF8047B704780B41D
S31508003A0083B000AF786000BF0C37BD465DF8047B15
S31508003A10704780B483B000AF786000BF0C37BD46EE
S31508003A205DF8047B704780B483B000AF786000BF50
S31508003A300C37BD465DF8047B704780B483B000AF91
S31508003A40786000BF0C37BD465DF8047B704780B4CC
S31508003A5083B000AF786000BF0C37BD465DF8047BC5
S31508003A607047000080B485B000AF786039607B6825
S31508003A701B68FB607B683F4A93420FD07B68B3F1B3
S31508003A80804F0BD07B683C4A934207D07B683B4A01
S31508003A90934203D07B683A4A934208D1FB6823F0E5
S31508003AA07003FB603B685B68FA681343FB607B68DE
S31508003AB0304A93421BD07B68B3F1804F17D07B689E
S31508003AC02D4A934213D07B682C4A93420FD07B68C9
S31508003AD02B4A93420BD07B682A4A934207D07B68CD
S31508003AE0294A934203D07B68284A934208D1FB6847
S31508003AF023F44073FB603B68DB68FA681343FB609A
S31508003B00FB6823F080023B685B691343FB603B68F4
S31508003B109A687B68DA623B681A687B689A627B688F
S31508003B20144A93420FD07B68154A93420BD07B68A0
S31508003B30144A934207D07B68134A934203D07B68A2
S31508003B40124A934203D13B681A697B681A637B68F9
S31508003B501B6843F004027B681A607B6801225A617D
S31508003B607B68FA681A6000BF1437BD465DF8047BA7
S31508003B70704700BF002C01400004004000080040C8
S31508003B800034014000400140004401400048014023
S31508003B9080B483B000AF78607B68264AC3F8842077
S31508003BA07B68254AC3F888207B68244AC3F88C209A
S31508003BB07B68234AC3F890207B68224AC3F894207E
S31508003BC07B68214AC3F898207B68204AC3F89C2062
S31508003BD07B681F4AC3F8A0207B681E4AC3F8A42046
S31508003BE07B681D4AC3F8A8207B681C4AC3F8AC202A
S31508003BF07B681B4AC3F8B0207B681A4AC3F8B4200E
S31508003C007B68194AC3F8B8207B68184AC3F8BC20F1
S31508003C107B68174AC3F8C0207B68164AC3F8C420D5
S31508003C207B68154AC3F8C82000BF0C37BD465DF847
S31508003C30047B704789130008AF390008273A000843
S31508003C403B3A0008D7390008EB390008C3390008A1
S31508003C50FF390008133A00084F3A0008813D00086A
S31508003C60953D0008A93D0008BD3D0008D13D000866
S31508003C70E53D0008F93D00080D3E000880B485B012
S31508003C8000AF786039607B6893F83C30012B01D12E
S31508003C90022365E07B68012283F83C207B680222C8
S31508003CA083F83D207B681B685B68FB607B681B6844
S31508003CB09B68BB607B681B682C4A934204D07B6870
S31508003CC01B682B4A934208D1FB6823F47003FB60F8
S31508003CD03B685B68FA681343FB60FB6823F0007374
S31508003CE023F07003FB603B681B68FA681343FB60AC
S31508003CF07B681B68FA685A607B681B681B4A934294
S31508003D0018D07B681B68B3F1804F13D07B681B689B
S31508003D10184A93420ED07B681B68174A934209D00B
S31508003D207B681B68124A934204D07B681B68134A57
S31508003D3093420CD1BB6823F08003BB603B689B6849
S31508003D40BA681343BB607B681B68BA689A607B686D
S31508003D50012283F83D207B68002283F83C2000235B
S31508003D6018461437BD465DF8047B7047002C0140A1
S31508003D7000340140000400400008004000400140B3
S31508003D8080B483B000AF786000BF0C37BD465DF8DD
S31508003D90047B704780B483B000AF786000BF0C37EF
S31508003DA0BD465DF8047B704780B483B000AF786089
S31508003DB000BF0C37BD465DF8047B704780B483B0FE
S31508003DC000AF786000BF0C37BD465DF8047B7047CE
S31508003DD080B483B000AF786000BF0C37BD465DF88D
S31508003DE0047B704780B483B000AF786000BF0C379F
S31508003DF0BD465DF8047B704780B483B000AF786039
S31508003E0000BF0C37BD465DF8047B704780B483B0AD
S31508003E1000AF786000BF0C37BD465DF8047B70477D
S31508003E2080B582B000AF78607B68002B01D1012392
S31508003E3042E07B68D3F88830002B06D17B680022E5
S31508003E4083F884207868FDF73DFC7B682422C3F854
S31508003E5088207B681B681A687B681B6822F0010249
S31508003E601A607B689B6A002B02D0786800F0E0FE37
S31508003E70786800F011FC0346012B01D101231BE0F1
S31508003E807B681B685A687B681B6822F490425A60F4
S31508003E907B681B689A687B681B6822F02A029A600E
S31508003EA07B681B681A687B681B6842F001021A6007
S31508003EB0786800F05FFF034618460837BD4680BDA0
S31508003EC080B58AB000AFF860B9601346FB80FB681E
S31508003ED0D3F88830202B67D1BB68002B02D0FB882B
S31508003EE0002B01D1012360E0FB68BA681A65FB68FC
S31508003EF0FA88A3F85420FB68FA88A3F85620FB68CA
S31508003F000022C3F89020FB682122C3F88820FB68AA
S31508003F10DB6F002B28D0FB68DB6F264ADA62FB686A
S31508003F20DB6F254A1A63FB68DB6F244A5A63FB6812
S31508003F30DB6F00229A63FB68D86FFB681B6D194616
S31508003F40FB681B6828331A46FB88FDF7BDFE034647
S31508003F50002B09D0FB681022C3F89020FB682022AA
S31508003F60C3F88820012320E0FB681B6840221A62F8
S31508003F70FB681B6808337B617B6953E8003F3B613C
S31508003F803B6943F080037B62FB681B6808337A6AE7
S31508003F903A62FB61F9693A6A41E80023BB61BB6989
S31508003FA0002BE5D1002300E0022318462837BD463A
S31508003FB080BD00BFF15000088B510008A7510008CA
S31508003FC080B5BAB000AF78607B681B68DB69C7F854
S31508003FD0E4307B681B681B68C7F8E0307B681B68A1
S31508003FE09B68C7F8DC30D7F8E42040F60F03134087
S31508003FF0C7F8D830D7F8D830002B1BD1D7F8E4301B
S3150800400003F02003002B15D0D7F8E03003F0200387
S31508004010002B05D1D7F8DC3003F08053002B09D0EC
S315080040207B685B6F002B00F000837B685B6F7868AA
S315080040309847FAE2D7F8D830002B00F02381D7F852
S31508004040DC208D4B1340002B06D1D7F8E0208B4B94
S315080040501340002B00F01681D7F8E43003F0010373
S31508004060002B11D0D7F8E03003F48073002B0BD067
S315080040707B681B6801221A627B68D3F8903043F08C
S3150800408001027B68C3F89020D7F8E43003F00203F6
S31508004090002B11D0D7F8DC3003F00103002B0BD02E
S315080040A07B681B6802221A627B68D3F8903043F05B
S315080040B004027B68C3F89020D7F8E43003F00403C1
S315080040C0002B11D0D7F8DC3003F00103002B0BD0FE
S315080040D07B681B6804221A627B68D3F8903043F029
S315080040E002027B68C3F89020D7F8E43003F008038F
S315080040F0002B17D0D7F8E03003F02003002B05D1AA
S31508004100D7F8DC205C4B1340002B0BD07B681B6870
S3150800411008221A627B68D3F8903043F008027B685D
S31508004120C3F89020D7F8E43003F40063002B12D0CC
S31508004130D7F8E03003F08063002B0CD07B681B684F
S315080041404FF400621A627B68D3F8903043F020027D
S315080041507B68C3F890207B68D3F89030002B00F07A
S315080041606682D7F8E43003F02003002B13D0D7F883
S31508004170E03003F02003002B05D1D7F8DC3003F03C
S315080041808053002B07D07B685B6F002B03D07B68BE
S315080041905B6F786898477B68D3F89030C7F8D43057
S315080041A07B681B689B6803F04003402B05D0D7F853
S315080041B0D43003F02803002B54D0786800F032FF7F
S315080041C07B681B689B6803F04003402B46D17B68DD
S315080041D01B680833C7F89C30D7F89C3053E8003F73
S315080041E0C7F89830D7F8983023F04003C7F8D0308E
S315080041F07B681B680833D7F8D020C7F8A820C7F80B
S31508004200A430D7F8A410D7F8A82041E80023C7F8A7
S31508004210A030D7F8A030002BD9D17B68D3F88030EE
S31508004220002B17D07B68D3F88030154A9A637B68D1
S31508004230D3F880301846FDF720FE0346002B19D028
S315080042407B68D3F880309B6B7A68D2F8802010465A
S3150800425098470FE0786800F009FA0BE0786800F0F4
S3150800426005FA07E0786800F001FA7B680022C3F8CF
S315080042709020DCE100BFDAE1010000102001000413
S31508004280175200087B68DB6E012B40F07081D7F867
S31508004290E43003F01003002B00F06981D7F8E03012
S315080042A003F01003002B00F062817B681B68102264
S315080042B01A627B681B689B6803F04003402B40F03A
S315080042C0D8807B68D3F880301B685B68A7F8BE3057
S315080042D0B7F8BE30002B00F0AF807B68B3F85C30CF
S315080042E0B7F8BE209A4280F0A7807B68B7F8BE2050
S315080042F0A3F85E207B68D3F880301B681B6803F040
S315080043002003002B40F087807B681B68C7F888303D
S31508004310D7F8883053E8003FC7F88430D7F8843098
S3150800432023F48073C7F8B8307B681B681A46D7F839
S31508004330B830C7F89430C7F89020D7F89010D7F857
S31508004340942041E80023C7F88C30D7F88C30002B2E
S31508004350DAD17B681B6808337B677B6F53E8003FBD
S315080043603B673B6F23F00103C7F8B4307B681B68D3
S315080043700833D7F8B420C7F88020FB67F96FD7F859
S31508004380802041E80023BB67BB6F002BE1D17B6827
S315080043901B6808333B663B6E53E8003FFB65FB6DC5
S315080043A023F04003C7F8B0307B681B680833D7F89A
S315080043B0B020FA66BB66B96EFA6E41E800237B66E2
S315080043C07B6E002BE3D17B682022C3F88C207B68A8
S315080043D00022DA667B681B68FB64FB6C53E8003FC7
S315080043E0BB64BB6C23F01003C7F8AC307B681B6852
S315080043F01A46D7F8AC30BB657A65796DBA6D41E86F
S3150800440000233B653B6D002BE4D17B68D3F88030F5
S315080044101846FDF7D4FC7B6802221A677B68B3F856
S315080044205C207B68B3F85E309BB2D31A9BB2194600
S31508004430786800F025F9FCE07B68B3F85C30B7F8DB
S31508004440BE209A4240F0F5807B68D3F880301B681E
S315080044501B6803F02003202B40F0EB807B680222C8
S315080044601A677B68B3F85C301946786800F008F973
S31508004470DFE07B68B3F85C207B68B3F85E309BB2FC
S31508004480D31AA7F8CE307B68B3F85E309BB2002B00
S3150800449000F0D180B7F8CE30002B00F0CC807B68D6
S315080044A01B68BB63BB6B53E8003F7B637B6B23F4E2
S315080044B09073C7F8C8307B681B681A46D7F8C830A7
S315080044C07B643A64396C7A6C41E80023FB63FB6BC6
S315080044D0002BE4D17B681B6808337B627B6A53E850
S315080044E0003F3B623B6A23F0805323F00103C7F881
S315080044F0C4307B681B680833D7F8C4203A63FB626C
S31508004500F96A3A6B41E80023BB62BB6A002BE1D12A
S315080045107B682022C3F88C207B680022DA667B68D9
S3150800452000225A677B681B683B613B6953E8003F7A
S31508004530FB60FB6823F01003C7F8C0307B681B6874
S315080045401A46D7F8C030FB61BA61B969FA6941E819
S3150800455000237B617B69002BE4D17B6802221A6702
S31508004560B7F8CE301946786800F08AF863E0D7F8CD
S31508004570E43003F48013002B0ED0D7F8DC3003F4B4
S315080045808003002B08D07B681B684FF480121A62E0
S31508004590786800F079FE51E0D7F8E43003F080033C
S315080045A0002B14D0D7F8E03003F08003002B05D198
S315080045B0D7F8DC3003F40003002B08D07B689B6F28
S315080045C0002B3AD07B689B6F7868984735E0D7F818
S315080045D0E43003F04003002B09D0D7F8E03003F0AD
S315080045E04003002B03D0786800F023FE26E0D7F8B6
S315080045F0E43003F40003002B09D0D7F8E03003F0C9
S315080046008043002B03D0786800F052FE16E0D7F8F6
S31508004610E43003F08073002B10D0D7F8E030002B7D
S315080046200CDA786800F03AFE08E000BF06E000BF42
S3150800463004E000BF02E000BF00E000BFE837BD4667
S3150800464080BD00BF80B483B000AF786000BF0C3770
S31508004650BD465DF8047B704780B483B000AF7860D0
S3150800466000BF0C37BD465DF8047B704780B483B045
S3150800467000AF786000BF0C37BD465DF8047B704715
S3150800468080B483B000AF78600B467B8000BF0C37E0
S31508004690BD465DF8047B70472DE9B04F8CB000AF7E
S315080046A07861002387F82A307B699A687B691B69D9
S315080046B01A437B695B691A437B69DB691343FB62AF
S315080046C07B691B681A68AB4B13407A691268F96AEA
S315080046D00B4313607B691B685B6823F440517B6955
S315080046E0DA687B691B680A435A607B699B69FB62C7
S315080046F07B691B68A04A934204D07B691B6AFA6AE5
S315080047001343FB627B691B689B6823F06E4323F4A3
S3150800471030637A691268F96A0B4393607B691B6890
S31508004720DB6A23F00F017B695A6A7B691B680A43B7
S31508004730DA627B691B68914A934225D1904BD3F87C
S31508004740883003F00303032B1AD801A252F823F08A
S31508004750614700087147000869470008794700085B
S31508004760012387F82B30D6E0022387F82B30D2E0D6
S31508004770042387F82B30CEE0082387F82B30CAE0CD
S31508004780102387F82B30C6E07B691B687D4A934265
S3150800479038D17B4BD3F8883003F00C030C2B2DD87B
S315080047A001A252F823F000BFDD470008FD470008C4
S315080047B0FD470008FD470008ED470008FD470008CB
S315080047C0FD470008FD470008E5470008FD470008C3
S315080047D0FD470008FD470008F5470008002387F84D
S315080047E02B3098E0022387F82B3094E0042387F8CF
S315080047F02B3090E0082387F82B308CE0102387F8BD
S315080048002B3088E07B691B685F4A934225D15C4B55
S31508004810D3F8883003F03003302B16D0302B18D855
S31508004820202B0AD0202B14D8002B02D0102B08D00E
S315080048300FE0002387F82B306DE0022387F82B3032
S3150800484069E0042387F82B3065E0082387F82B30C6
S3150800485061E0102387F82B305DE07B691B684B4AC3
S31508004860934225D1464BD3F8883003F0C003C02BBA
S3150800487016D0C02B18D8802B0AD0802B14D8002B22
S3150800488002D0402B08D00FE0002387F82B3042E0F7
S31508004890022387F82B303EE0042387F82B303AE0D2
S315080048A0082387F82B3036E0102387F82B3032E0C0
S315080048B07B691B68304A93422AD1314BD3F888303A
S315080048C003F44063B3F5406F1AD0B3F5406F1BD8B5
S315080048D0B3F5006F0CD0B3F5006F15D8002B03D0D5
S315080048E0B3F5806F08D00FE0002387F82B3012E06D
S315080048F0022387F82B300EE0042387F82B300AE0D2
S31508004900082387F82B3006E0102387F82B3002E0BF
S31508004910102387F82B307B691B68174A934240F0AF
S31508004920A88097F82B30082B34D801A252F823F028
S3150800493055490008954900085D4900089549000849
S3150800494063490008954900089549000895490008F3
S315080049506B490008FEF782FB786221E00C4B7B620C
S315080049601EE0FEF70DFB78621AE04FF400437B6207
S3150800497016E000BFF369FFCF008000400038014011
S31508004980001002400044004000480040004C00402F
S315080049900024F40000237B62012387F82A3000BF35
S315080049A07B6A002B00F02A817B695B6A9E4A32F893
S315080049B013301A467B6AB3FBF2F3BB617B695A680C
S315080049C013465B001344BA699A4205D37B695B6850
S315080049D01B03BA699A4203D9012387F82A300DE1E5
S315080049E07B6A0022BB60FA607B695B6A8E4A32F892
S315080049F013309BB200223B607A60D7E90023D7E9DF
S31508004A000201FCF769F902460B46104619464FF0B3
S31508004A1000024FF000030B0243EA106302027969B1
S31508004A204968490800200C46054612EB040843EB82
S31508004A3005097B695B6800229A46934652465B469F
S31508004A4040464946FCF748F902460B4613463B6280
S31508004A503B6AB3F5407F08D33B6AB3F5801F04D29F
S31508004A607B691B683A6ADA60C8E0012387F82A304E
S31508004A70C4E07B69DB69B3F5004F67D197F82B3043
S31508004A80082B28D801A252F823F000BFB14A000823
S31508004A90B94A0008C14A0008D74A0008C74A0008A8
S31508004AA0D74A0008D74A0008D74A0008CF4A00085C
S31508004AB0FEF7D4FA786214E0FEF7E6FA786210E0B8
S31508004AC05A4B7B620DE0FEF75BFA786209E04FF419
S31508004AD000437B6205E000237B62012387F82A30C6
S31508004AE000BF7B6A002B00F089807B695B6A4E4AAF
S31508004AF032F813301A467B6AB3FBF2F35A007B6925
S31508004B005B685B081A447B695B68B2FBF3F33B623C
S31508004B103B6A0F2B16D93B6AB3F5803F12D23B6A24
S31508004B209BB223F00F03FB833B6A5B089BB203F03F
S31508004B3007039AB2FB8B1343FB837B691B68FA8BCB
S31508004B40DA605BE0012387F82A3057E097F82B30C4
S31508004B50082B28D801A252F823F000BF814B000881
S31508004B60894B0008914B0008A74B0008974B000893
S31508004B70A74B0008A74B0008A74B00089F4B000847
S31508004B80FEF76CFA786214E0FEF77EFA786210E0B7
S31508004B90264B7B620DE0FEF7F3F9786209E04FF4E5
S31508004BA000437B6205E000237B62012387F82A30F5
S31508004BB000BF7B6A002B21D07B695B6A1A4A32F8F0
S31508004BC013301A467B6AB3FBF2F27B695B685B08B3
S31508004BD01A447B695B68B2FBF3F33B623B6A0F2BB3
S31508004BE009D93B6AB3F5803F05D23B6A9AB27B691D
S31508004BF01B68DA6002E0012387F82A307B69012204
S31508004C00A3F86A207B690122A3F868207B69002241
S31508004C105A677B6900229A6797F82A301846303710
S31508004C20BD46BDE8B08F00BF6C9C00080024F400A8
S31508004C3080B483B000AF78607B689B6A03F0080392
S31508004C40002B0AD07B681B685B6823F400417B68ED
S31508004C509A6B7B681B680A435A607B689B6A03F0F9
S31508004C600103002B0AD07B681B685B6823F40031BC
S31508004C707B68DA6A7B681B680A435A607B689B6AAA
S31508004C8003F00203002B0AD07B681B685B6823F4D9
S31508004C9080317B681A6B7B681B680A435A607B689D
S31508004CA09B6A03F00403002B0AD07B681B685B68C9
S31508004CB023F480217B685A6B7B681B680A435A6019
S31508004CC07B689B6A03F01003002B0AD07B681B687D
S31508004CD09B6823F480517B68DA6B7B681B680A4300
S31508004CE09A607B689B6A03F02003002B0AD07B68D6
S31508004CF01B689B6823F400517B681A6C7B681B68E9
S31508004D000A439A607B689B6A03F04003002B1AD01B
S31508004D107B681B685B6823F480117B685A6C7B6828
S31508004D201B680A435A607B685B6CB3F5801F0AD11F
S31508004D307B681B685B6823F4C0017B689A6C7B6898
S31508004D401B680A435A607B689B6A03F08003002B42
S31508004D500AD07B681B685B6823F400217B68DA6CE1
S31508004D607B681B680A435A6000BF0C37BD465DF86E
S31508004D70047B704780B598B002AF78607B680022E4
S31508004D80C3F89020FCF7BAFD78657B681B681B683A
S31508004D9003F00803082B2FD16FF07E4300937B6D39
S31508004DA000224FF40011786800F08EF80346002BB5
S31508004DB022D07B681B68BB63BB6B53E8003F7B63F1
S31508004DC07B6B23F080033B657B681B681A463B6D4B
S31508004DD07B643A64396C7A6C41E80023FB63FB6BAD
S31508004DE0002BE6D17B682022C3F888207B68002246
S31508004DF083F88420032363E07B681B681B6803F041
S31508004E000403042B49D16FF07E4300937B6D002287
S31508004E104FF48001786800F057F80346002B3CD021
S31508004E207B681B687B627B6A53E8003F3B623B6A90
S31508004E3023F49073FB647B681B681A46FB6C3B6320
S31508004E40FA62F96A3A6B41E80023BB62BB6A002B37
S31508004E50E6D17B681B6808333B613B6953E8003F32
S31508004E60FB60FB6823F00103BB647B681B6808339F
S31508004E70BA6CFA61BB61B969FA6941E800237B61DA
S31508004E807B69002BE5D17B682022C3F88C207B68E0
S31508004E90002283F88420032312E07B682022C3F8CB
S31508004EA088207B682022C3F88C207B680022DA667B
S31508004EB07B6800221A677B68002283F88420002317
S31508004EC018465837BD4680BD80B584B000AFF86037
S31508004ED0B9603B601346FB714FE0BB69B3F1FF3F16
S31508004EE04BD0FCF70BFD02463B68D31ABA699A42C7
S31508004EF002D3BB69002B01D103234EE0FB681B6874
S31508004F001B6803F00403002B37D0BB68802B34D012
S31508004F10BB68402B31D0FB681B68DB6903F00803CC
S31508004F20082B10D1FB681B6808221A62F86800F083
S31508004F3079F8FB680822C3F89020FB68002283F8FA
S31508004F408420012329E0FB681B68DB6903F40063FE
S31508004F50B3F5006F11D1FB681B684FF400621A6243
S31508004F60F86800F05FF8FB682022C3F89020FB6819
S31508004F70002283F8842003230FE0FB681B68DA69A4
S31508004F80BB681340BA689A420CBF01230023DBB200
S31508004F901A46FB799A42A0D0002318461037BD4618
S31508004FA080BD80B48FB000AF78607B681B683B62B9
S31508004FB03B6A53E8003FFB61FB6923F0C0037B6350
S31508004FC07B681B681A467B6BFB62BA62B96AFA6A27
S31508004FD041E800237B627B6A002BE6D17B681B686D
S31508004FE00833FB60FB6853E8003FBB60BB6823F4EB
S31508004FF000033B637B681B6808333A6BBA617B61C5
S315080050007969BA6941E800233B613B69002BE5D120
S315080050107B682022C3F8882000BF3C37BD465DF870
S31508005020047B704780B495B000AF78607B681B68D6
S315080050307B637B6B53E8003F3B633B6B23F49073C6
S31508005040FB647B681B681A46FB6C3B64FA63F96B66
S315080050503A6C41E80023BB63BB6B002BE6D17B6847
S315080050601B6808333B623B6A53E8003FFB61FB69F8
S3150800507023F0805323F00103BB647B681B68083365
S31508005080BA6CFA62BB62B96AFA6A41E800237B62C3
S315080050907B6A002BE3D17B68DB6E012B18D17B681A
S315080050A01B68FB60FB6853E8003FBB60BB6823F0E6
S315080050B010037B647B681B681A467B6CBB617A614C
S315080050C07969BA6941E800233B613B69002BE6D15F
S315080050D07B682022C3F88C207B680022DA667B680E
S315080050E000225A6700BF5437BD465DF8047B7047F7
S315080050F080B590B000AF78607B689B6AFB637B687D
S315080051001B681B6803F02003002B37D1FB6B0022BA
S31508005110A3F85620FB6B1B6808337B627B6A53E84F
S31508005120003F3B623B6A23F08003BB63FB6B1B6853
S315080051300833BA6B3A63FB62F96A3A6B41E80023B3
S31508005140BB62BB6A002BE5D1FB6B1B683B613B6905
S3150800515053E8003FFB60FB6843F040037B63FB6B4F
S315080051601B681A467B6BFB61BA61B969FA6941E843
S3150800517000237B617B69002BE6D102E0F86BFFF721
S3150800518061FA00BF4037BD4680BD80B584B000AF28
S3150800519078607B689B6AFB60F868FFF75DFA00BF7A
S315080051A01037BD4680BD80B586B000AF78607B6895
S315080051B09B6A7B617B69D3F888303B617B69D3F84E
S315080051C08C30FB607B691B689B6803F08003802B2F
S315080051D005D13B69212B02D17869FFF7E2FE7B698D
S315080051E01B689B6803F04003402B05D1FB68222B04
S315080051F002D17869FFF716FF7B69D3F8903043F040
S3150800520010027B69C3F890207869FFF72FFA00BF70
S315080052101837BD4680BD80B584B000AF78607B681E
S315080052209B6AFB60F868FFF721FA00BF1037BD4696
S3150800523080BD80B588B000AF78607B681B68FB606E
S31508005240FB6853E8003FBB60BB6823F04003FB6183
S315080052507B681B681A46FB69BB617A617969BA691A
S3150800526041E800233B613B69002BE6D17B6820229D
S31508005270C3F888207B6800229A677868FFF7E2F906
S3150800528000BF2037BD4680BD80B483B000AF7860CC
S3150800529000BF0C37BD465DF8047B704780B483B009
S315080052A000AF786000BF0C37BD465DF8047B7047D9
S315080052B080B483B000AF786000BF0C37BD465DF898
S315080052C0047B704780B485B000AF78607B6893F83C
S315080052D08430012B01D1022327E07B68012283F861
S315080052E084207B682422C3F888207B681B681B6897
S315080052F0FB607B681B681A687B681B6822F00102E2
S315080053001A60FB6823F00053FB607B6800225A662C
S315080053107B681B68FA681A607B682022C3F88820B5
S315080053207B68002283F88420002318461437BD467C
S315080053305DF8047B704780B584B000AF786039604B
S315080053407B6893F88430012B01D102232DE07B681A
S31508005350012283F884207B682422C3F888207B688E
S315080053601B681B68FB607B681B681A687B681B6880
S3150800537022F001021A607B681B689B6823F0604173
S315080053807B681B683A680A439A60786800F050F8A8
S315080053907B681B68FA681A607B682022C3F8882035
S315080053A07B68002283F88420002318461037BD4600
S315080053B080BD80B584B000AF786039607B6893F8AB
S315080053C08430012B01D102232DE07B68012283F86A
S315080053D084207B682422C3F888207B681B681B68A6
S315080053E0FB607B681B681A687B681B6822F00102F1
S315080053F01A607B681B689B6823F060617B681B6882
S315080054003A680A439A60786800F012F87B681B6865
S31508005410FA681A607B682022C3F888207B68002215
S3150800542083F88420002318461037BD4680BD000047
S3150800543080B485B000AF78607B685B6E002B08D1BE
S315080054407B680122A3F86A207B680122A3F86820FA
S3150800545031E00823FB730823BB737B681B689B68D2
S315080054605B0EDBB203F007037B737B681B689B68E4
S315080054705B0FDBB203F007033B73BB7B3A7B114937
S315080054808A5C02FB03F33A7B0F498A5C93FBF2F3CF
S315080054909AB27B68A3F86A20FB7B7A7B09498A5C07
S315080054A002FB03F37A7B08498A5C93FBF2F39AB210
S315080054B07B68A3F8682000BF1437BD465DF8047BF7
S315080054C0704700BF849C00088C9C00082DE9FF47A4
S315080054D057EC106B002F0C4619463B46BBBF07F12D
S315080054E000431F4600232D230B700D9BDDF830A0CB
S315080054F0914623F02008BCBF32461646B8F1460F3F
S3150800550005D0B8F1450F00D10134022100E003218E
S3150800551003AB019302AB009347EC106B534622464C
S3150800552001F0AAF8B8F1470F054619D119F0010F8D
S315080055300ED000EB04090022002330463946FBF75B
S31508005540EBFA08B1CDF80C903022039B4B451ED3DD
S31508005550039B0E9A5B1B2846136004B0BDE8F087D0
S31508005560B8F1460F00EB0409E5D10378302B0AD1D0
S315080055700022002330463946FBF7CEFA18B9C4F1A3
S315080055800104CAF80040DAF800309944D3E7591CF8
S3150800559003911A70D9E7F7B50029BABF49422D23F6
S315080055A02B2309290270437029DD0DF107042546CE
S315080055B00A272246B1FBF7F607FB1613303302F823
S315080055C0013C0B46632B04F1FF343146F1DC3031E4
S315080055D0931E04F8011C411C1C46AB420AD30DF16C
S315080055E009039B1AA54238BF0023821C1344181AC4
S315080055F003B0F0BD13F8016B01F8016FEDE7302336
S3150800560030318370C170031DF1E700002DE9F04FBA
S315080056108DB00C46DDF8588016461F46054600F044
S3150800562025FF036806931846FAF74AFE00230A93ED
S31508005630D8F8003094F818A0D4F800B007900733CB
S3150800564023F00703B3EC027B8DED047BC8F800302A
S31508005650DDE9048323F0004984ED127B9C4B4FF06F
S31508005660FF3240464946FBF789FA70BB984B4FF024
S31508005670FF3240464946FBF763FA30BBDDE90401D1
S3150800568000220023FBF752FA10B12D2384F8433089
S31508005690904A914BBAF1470F8CBF90469846032320
S315080056A023612BF0040323604FF00009009733466B
S315080056B00BAA2146284600F0D1F9013040F08C802B
S315080056C04FF0FF300DB0BDE8F08FDDE9042310463A
S315080056D01946FBF753FA40B1059B804A002BBCBF1D
S315080056E02D2384F843307E4BD4E763685A1C0AF0AE
S315080056F0DF093BD1062363604BF4806200232260F6
S3150800570003930AABCDE901A309AB009361689DED4C
S31508005710040B0DF123032846FFF7D8FEB9F1470F0E
S315080057200999804629D1C81C02DB63688B4241DA95
S31508005730AAF1020A5FFA8AFA0139524604F15000C0
S315080057400991FFF728FF0A9A1318012A814623614F
S3150800575002DC2268D20701D5013323619DF8233084
S31508005760002BA3D02D2384F843309FE7B9F1470FC8
S31508005770C2D1002BC0D10123BDE7BAF1650FDBD931
S31508005780BAF1660F18D1002963680BDD216113B9D8
S315080057902268D00702D501330B442361A1654FF077
S315080057A00009DBE713B92268D20701D50233F4E70B
S315080057B00123F2E74FF0670A0A9B8B4205DC236850
S315080057C02161D807EAD54B1CE7E70029D4BFC1F108
S315080057D0020201221344E0E723685A0507D4236925
S315080057E0424631462846B84701302BD168E7BAF118
S315080057F0650F40F2DD80D4E9120100220023FBF791
S315080058008BF9002833D0374A012331462846B84752
S3150800581001303FF455AFDDE90938434502DB23681B
S31508005820D8070FD5DDE9062331462846B8470130A3
S315080058303FF446AF4FF0000908F1FF3804F11A0AA1
S31508005840C84509DC23689B0700F10381E0680B9BC8
S315080058509842B8BF184635E70123524631462846CE
S31508005860B84701303FF42CAF09F10109E8E7099B75
S31508005870002B39DC1B4A012331462846B84701303C
S315080058803FF41EAFDDE9093959EA030302D123685B
S31508005890D907D7D5DDE9062331462846B84701306A
S315080058A03FF40EAF4FF0000A04F11A0B099B5B4256
S315080058B0534501DC4B4693E701235A4631462846B1
S315080058C0B84701303FF4FCAE0AF1010AEEE700BF23
S315080058D0FFFFEF7F989C0008949C0008A09C000896
S315080058E09C9C0008A49C0008A36DDDF828A05345DD
S315080058F0A8BF5346002B994636DC4FF0000B29EA21
S31508005900E97904F11A02A36D0493A3EB09035B4535
S3150800591031DC099B9A453ADC2368DA0737D4099BB8
S31508005920AAEB0309049BAAEB03039945A8BF99466A
S31508005930B9F1000F33DC4FF0000829EAE97904F1E0
S315080059401A0B099BAAEB0303A3EB090343457FF74D
S3150800595079AF01235A4631462846B84701303FF405
S31508005960AFAE08F10108ECE7424631462846B8478B
S315080059700130C2D1A4E60123314628460492B8472D
S3150800598001303FF49DAE049A0BF1010BBBE7DDE94C
S31508005990062331462846B8470130C0D190E6049A16
S315080059A04B46424431462846B8470130C3D187E6BC
S315080059B0DDF828A0BAF1010F01DCDB0736D5012393
S315080059C0424631462846B84701303FF479AEDDE90C
S315080059D0062331462846B84701303FF471AED4E96C
S315080059E01201002200230AF1FF3AFBF795F8C0B925
S315080059F0534608F1010231462846B84701300CD112
S31508005A005EE601235A4631462846B84701303FF438
S31508005A1057AE08F10108D045F3DB4B4604F15002B6
S31508005A20DFE64FF0000804F11A0BF4E701234246BB
S31508005A30E1E701234A4631462846B84701303FF494
S31508005A403FAE08F10108E3680B995B1A4345F0DCA1
S31508005A50FCE64FF0000804F11909F4E72DE9F047D0
S31508005A60164698468A680B69DDF820909342B8BFB7
S31508005A701346336091F8432007460C460AB10133B2
S31508005A8033602368990642BF33680233336025685A
S31508005A9015F0060506D104F1190AE36832689B1A5F
S31508005AA0AB4226DC94F843302268003B18BF01233A
S31508005AB092062BD404F1430241463846C8470130C2
S31508005AC01ED02368226903F00603042B02BFE5688B
S31508005AD03368ED1AA3680CBF25EAE57500259342DD
S31508005AE0C4BF9B1AED1800261A34B5421AD10020F5
S31508005AF008E00123524641463846C847013003D1DB
S31508005B004FF0FF30BDE8F0870135C6E7E1185A1CAB
S31508005B10302081F84300224494F8451082F8431057
S31508005B200233C7E70123224641463846C8470130B3
S31508005B30E6D00136D9E700002DE9F0430D7E85B0A1
S31508005B40782D90460C9E07460C46994601F143026D
S31508005B5007D8622D0AD8002D00F0D780582D00F0FE
S31508005B60BC8004F1420684F842503BE0A5F1630389
S31508005B70152BF6D801A151F823F000BFD55B000814
S31508005B80E95B0008635B0008635B0008635B000869
S31508005B90635B0008E95B0008635B0008635B000859
S31508005BA0635B0008635B0008F15C0008135C00088F
S31508005BB0A35C0008635B0008635B0008135D0008CC
S31508005BC0635B0008135C0008635B0008635B0008FE
S31508005BD0AB5C000833681A1D1B68326004F1420684
S31508005BE084F842300123A1E033682068191D31602A
S31508005BF0060601D51D6803E04506FBD5B3F9005036
S31508005C00002D03DA2D236D4284F843305B480A23BE
S31508005C1011E021683368080653F8045B02D4490684
S31508005C2048BFADB23360237E54486F2B5CD108233E
S31508005C30002184F843106668A660002E05DB2168FB
S31508005C402E4321F00401216050D01646B5FBF3F12E
S31508005C5003FB115C10F80CC006F801CDAC46634591
S31508005C600D46F3D9082B0BD12368DB0708D5236922
S31508005C7061689942DEBF302306F8013C06F1FF361B
S31508005C80921B2261CDF80090434603AA2146384666
S31508005C90FFF7E4FE01304ED14FF0FF3005B0BDE806
S31508005CA0F083236843F0200323603548782584F879
S31508005CB045502368316813F0800F51F8045B03D10F
S31508005CC013F0400F18BFADB23160D90744BF43F097
S31508005CD0200323601DB11023AAE72848E7E72368B5
S31508005CE023F020032360F6E70A23A1E71646B9E75F
S31508005CF0336825686169181D30602E061B6801D552
S31508005D00196002E06806FBD5198000232361164650
S31508005D10B8E733681A1D32601E686268002130468B
S31508005D20FAF77EFA08B1801B606063682361002376
S31508005D3084F84330A6E72369324641463846C847C1
S31508005D400130A9D023689B0713D4E068039B9842C7
S31508005D50B8BF1846A2E70123324641463846C84727
S31508005D60013099D00135E36803995B1AAB42F2DC3E
S31508005D70EBE7002504F11906F5E700BFA69C000825
S31508005D80B79C00082DE9F04F87B0914603938B68BE
S31508005D905A1EB2F5AE7F81BF6FF4AE7503EB050BE5
S31508005DA040F25D138B600B680A464FF0000543F41A
S31508005DB0F06342F81C3BCDE9045580460C4698BF73
S31508005DC04FF0000B01921646AA462F460295A26886
S31508005DD05AB1D9F800301B784E2B63D8402B3BD8E4
S31508005DE0A3F12B01C8B20E2839D91FB1236823F4B1
S31508005DF0807323600AF1FF3ABAF1010F00F21481A9
S31508005E00019B9E4200F20581012007B0BDE8F08F94
S31508005E10A3F161020D2AE8D801A151F822F000BFCA
S31508005E20695F0008EB5D0008EB5D0008EB5D0008A4
S31508005E30C55F00089F5F0008EB5D0008EB5D000882
S31508005E40775F0008EB5D0008EB5D0008EB5D000876
S31508005E50EB5D0008335F0008A3F14102DAE70E297B
S31508005E60C3D801A050F821F0235F0008EB5D0008B5
S31508005E70235F0008B35F0008EB5D0008C55E0008F5
S31508005E80095F0008095F0008095F0008095F000844
S31508005E90095F0008095F0008095F0008095F000834
S31508005EA0095F00086E2B09D8602BB1D8542B7BD01C
S31508005EB0592B9AD1072D98D108252FE0742B73D02A
S31508005EC0792BF6E72168C8051ED521F080012160E7
S31508005ED00137BBF1000F03D001320BF1FF3BA26083
S31508005EE0A368013BA360236901332361D9F8043011
S31508005EF0013B002BC9F8043040F38280D9F8003002
S31508005F000133C9F8003062E71AEB05017FF46DAF7B
S31508005F10226822F4C07222600D468A4606F8013BC2
S31508005F20DEE7226810067FF560AF22F08002226065
S31508005F30F4E7BAF1000F0CD177B9226802F4E061F0
S31508005F40B1F5E06F08D122F4F06222604FF0010A41
S31508005F50E4E7BAF1020F50D0012D02D0042D7FF4E8
S31508005F6044AF0135EDB2D9E7BAF1010F7FF43DAF81
S31508005F704FF0020AD2E775B9002F7FF437AF2268CF
S31508005F8002F4E061B1F5E06F40F0028122F4F062BC
S31508005F9022600125C2E7032DE3D0052DDFE7022D98
S31508005FA07FF423AF0325B9E7062D7FF41EAF072537
S31508005FB0B4E7226891057FF518AF22F420722260B3
S31508005FC00297ABE7226802F4A061B1F5806F05D0AD
S31508005FD050057FF50AAF002F00F0DA80910558BF0B
S31508005FE0029922F4F06258BF791A42F4C07258BF77
S31508005FF0CDE904162260002790E74FF0030A8DE7E3
S31508006000D4F8803149464046984700283FF4DFAE29
S31508006010EBE6D4F87C3116F8011D4A464046984707
S315080060202369013B2361EBE66B1E062B24D8022D60
S3150800603036D8019B9E427FF6E7AED4F87C3116F837
S31508006040011D4A46404698472369013B2361F0E70C
S31508006050D4F87C311BF8011D4A4640469847236907
S31508006060013B23610AF1FF3A5FFA8AFABAF1020F95
S31508006070EED1033DEDB2761B2368DA0530D55D0512
S3150800608011D5019B9E427FF6BFAED4F87C3116F837
S31508006090011D4A46404698472369013B2361F0E7BC
S315080060A0AA46B346DEE716F8011C2369652903F1FB
S315080060B0FF3306F1FF3523610CD045290AD0D4F801
S315080060C07C314A4640469847236916F8021C013B2C
S315080060D0B51E2361D4F87C314A46404698472E4679
S315080060E0226812F0100201D000208EE63270236872
S315080060F003F4C063B3F5806F24D1029B9F420AD094
S31508006100DA1B04F26F139E4228BF04F5B7762149BD
S31508006110304600F03DF901990022404602F03CFC69
S31508006120039B21681B68880757EC106B03F1040270
S3150800613015D503990A601B68C3E90067E36801334C
S31508006140E360D1E7049B002BE5D005990A230131CA
S31508006150404602F0A1FC049B059EC21AD1E711F045
S31508006160040F03990A60E6D11D6832463B4630465D
S315080061703946FAF703FD28B1074800F0EFF985ED2F
S31508006180000ADBE730463946FAF756FD2860D5E7B8
S3150800619000272FE6C89C0008099E0008002310B5B2
S315080061A00446C0E90033C0E904338360818143664D
S315080061B0C2818361194608225C3000F04FF90D4B05
S315080061C063620D4BA3620D4BE3620D4B23630D4BCC
S315080061D024629C4206D003F16802944202D0D0336E
S315080061E09C4205D104F15800BDE8104000F0B2B950
S315080061F010BD00BFD5630008F76300082F640008C8
S3150800620055640008BC040020024A0349034800F00C
S315080062106BB800BF0C000020518E00081C0000203F
S3150800622041680C4B994210B5044601D002F010FEA5
S31508006230A168094B994202D0204602F009FEE1689E
S31508006240064B994204D02046BDE8104002F000BE35
S3150800625010BD00BFBC040020240500208C050020CA
S315080062600C4B0D4A0D4810B504211A600022FFF7A1
S3150800627095FF0A4B01221C46092103F16800FFF726
S315080062808DFF04F1D0000222BDE810401221FFF76D
S3150800629085BF00BFF405002009620008BC04002081
S315080062A0014800F058B900BFFD050020014800F07C
S315080062B053B900BFFD05002010B50446FFF7F0FFEF
S315080062C0236A1BB1BDE81040FFF7F0BF044B2362F9
S315080062D0044B1B68002BF5D1FFF7C2FFF2E700BF9E
S315080062E021620008F40500202DE9F8430746884690
S315080062F014460026D4E90195B9F1010905D52468A3
S31508006300002CF7D13046BDE8F883AB89012B07D9B5
S31508006310B5F90E30013303D029463846C04706433F
S315080063206835E9E70CB430B5184B0C1E1D689DB0EE
S3150800633008DA8B232B604FF0FF301DB0BDE83040E4
S3150800634002B070474FF40273ADF814304FF00003F3
S315080063501B9314BF04F1FF332346049307934FF6A8
S31508006360FF7302900690ADF81630209A21AB02A969
S315080063702846019302F0F2FB431CBCBF8B232B601B
S31508006380002CDAD0029B00221A70D6E718000020EB
S315080063900EB410B59DB01FAB029006906FF0004189
S315080063A00A48079104910A4953F8042B05910024D9
S315080063B002A9006801931B9402F0D0FB029B1C7093
S315080063C01DB0BDE8104003B0704700BF180000209C
S315080063D00802FFFF10B50C46B1F90E1000F06CF874
S315080063E00028ABBF636DA3891B1823F48053ACBF89
S315080063F06365A38110BD2DE9F0411F468B89DB0536
S3150800640005460C46164605D5B1F90E10022300229C
S3150800641000F040F8A389B4F90E1023F48053A38141
S3150800642032463B462846BDE8F04100F057B810B55D
S315080064300C46B1F90E1000F02DF8B4F90C30421CD8
S315080064400BBF23F4805343F48053A381A38118BF61
S31508006450606510BDB1F90E1000F00CB80244034691
S31508006460934200D1704703F8011BF9E700487047CB
S315080064705801002038B5064D0023044608462B600F
S31508006480FAF7F4FF431C02D12B6803B1236038BD29
S31508006490F805002038B5074D04460846114600227F
S315080064A02A601A46FBF709F8431C02D12B6803B188
S315080064B0236038BDF805002038B5074D0446084660
S315080064C0114600222A601A46FAF797FF431C02D1A2
S315080064D02B6803B1236038BDF805002038B5074D91
S315080064E004460846114600222A601A46FAF7A2FF11
S315080064F0431C02D12B6803B1236038BDF805002080
S31508006500014B1868704700BF1800002070B50D4B86
S315080065100D4D5B1B9C100026A64209D103F082FB99
S315080065200A4D0B4B5B1B9C100026A64205D170BD7D
S3150800653055F8043B98470136EEE755F8043B98476B
S315080065400136F2E7C4A00008C4A00008C4A00008E9
S31508006550C8A0000870477047704700009FED010A01
S31508006560704700BF0000C07F2DE9F74F03690C692B
S31508006570A34207467EDB013C01F11408A30000F1A3
S315080065801405009305EB8403019358F8243055F855
S31508006590242001339A4208EB8409B2FBF3F62ED382
S315080065A04FF0000AC446AE46D3465CF8043B98B2A0
S315080065B006FB00A0020C1B0C06FB0323DEF80020DA
S315080065C080B292B2121A5A44DEF800004FEA134A11
S315080065D09BB2C3EB224303EB104392B242EA034257
S315080065E0E1454EF8042B4FEA234BDED2009BEB58CD
S315080065F02BB9019B043B9D421A462FD33C61384672
S3150800660001F0DCF9002825DB2946002058F8042B80
S31508006610D1F800C01FFA82FE1FFA8CF3A3EB0E0313
S315080066200344120CC2EB234202EB1C429BB243EA20
S315080066300243C14541F8043B4FEA2240E6D255F8E9
S31508006640242005EB840322B9043B9D421A460BD34A
S315080066503C610136304603B0BDE8F08F1268043B52
S31508006660002ACBD1013CC6E71268043B002AEFD1C9
S31508006670013CEAE70020EEE72DE9F04F99B08DEDF1
S315080066800E0B0C92C269229C0A9157EC106B81463C
S31508006690139382B9102000F015FE0246C9F81C00B3
S315080066A020B9AB4BEF21AB4802F04EFC0023C0E902
S315080066B001330360C360116859B152684A60012307
S315080066C093408B60484600F0F1FED9F81C30002252
S315080066D01A60B7F10008B5BF0123002323602360C1
S315080066E09D4BBCBF28F00048CDF83C8033EA080330
S315080066F01AD1139AC8F3130842F20F7358EA060818
S31508006700136000F06885239B53B9944B21E0944BA2
S3150800671000930833239A1360009819B0BDE8F08FE8
S315080067208E4B00930333F5E79DED0E7B002251EC6B
S31508006730170B00238DED067BFAF7EEF9824650B16A
S31508006740139A01231360239B13B1239A854B136075
S31508006750854B0093E0E79DED060B16AA17A9484658
S3150800676001F050FA5FEA1854169D019079D0079BFC
S31508006770CDF850A0C3F31303DDE9060143F07F53B8
S3150800678043F44013A4F2FF3419460022774BF9F775
S31508006790A3FD69A3D3E90023F9F756FF68A3D3E954
S315080067A00023F9F79BFD064620460F46F9F7E2FE59
S315080067B065A3D3E90023F9F747FF02460B4630469F
S315080067C03946F9F78BFD06460F46FAF7EDF900222A
S315080067D08046002330463946FAF7A8F948B14046BC
S315080067E0F9F7C8FE32463B46FAF796F908B908F1B2
S315080067F0FF38B8F1160F51D85D4B03EBC803D3E940
S315080068000023DDE90601FAF791F9002848D008F1D6
S31508006810FF38002312932D1B6B1E089343BF0023DA
S31508006820C5F1010708930027B8F1000F3ADB089B6A
S31508006830CDF8348043440893002309930A9B092B17
S3150800684062D8052BC4BF043B0A930A9BA3F1020333
S31508006850CCBF00240124032B62D8DFE803F0515390
S31508006860362B179C2C4404F23243202BC1BFC3F1AC
S31508006870400308FA03F804F2124326FA03F3D6BFD4
S31508006880C3F1200348EA030006FA03F0F9F762FEAB
S315080068900122A1F1F873013C149275E70123B9E7C7
S315080068A01290B8E7C8F1000309930023A7EB08077D
S315080068B00D93C3E701230B930C9B434405930133C4
S315080068C0012B0493B8BF012306E001230B930C9B0D
S315080068D0002B28DDCDE90433D9F81C000021042259
S315080068E002F114059D4223D94160484600F0A0FDF7
S315080068F00090002840D11F4B024640F2AF11D2E665
S315080069000023E3E70023D6E701240023CDE90A3470
S315080069104FF0FF33CDE90433002212230C92DBE754
S3150800692001230B93F4E70123CDE904331A46F5E76F
S3150800693001315200D4E700BF61436F63A787D23F96
S31508006940B3C8608B288AC63FFB799F501344D33F50
S31508006950DA9C0008F19C00080000F07FD69C00082D
S31508006960CD9C0008A59C0008A49C00080000F83FE0
S31508006970A09E0008499D0008D9F81C30009A1A60A4
S31508006980049B0E2B00F2A180002C00F09E80B8F12B
S31508006990000F36DD9E4B08F00F0203EBC20318F416
S315080069A0807FD3E900AB4FEA281516D0994BDDE96D
S315080069B00601D3E90823F9F771FFCDE9020105F0CD
S315080069C00F050324934E75B9DDE9020152465B466D
S315080069D0F9F764FF82468B462DE09DED067B02247F
S315080069E08DED027BEEE7E90708D550465946D6E90C
S315080069F00023F9F729FE013482468B466D100836C6
S31508006A00E1E700F0AD80C8F10005814B814E05F045
S31508006A100F0203EBC203D3E90023DDE90601F9F708
S31508006A2013FE2D1182468B4600230224002D40F0CA
S31508006A308C80002BCED1129B002B00F09580764BD4
S31508006A40002250465946FAF771F8002800F08C8063
S31508006A50049B002B00F08880059B002B35DD08F190
S31508006A60FF330293504659466C4B0022F9F7ECFD6A
S31508006A70059E82468B4601342046F9F77BFD524631
S31508006A805B46F9F7E1FD664B0022F9F727FC044659
S31508006A90A1F15075CDE91045002E69D1614B002250
S31508006AA050465946F9F718FC22462B4682468B462D
S31508006AB0FAF75AF8002840F09482224605F1004376
S31508006AC050465946FAF732F820BB179B002BC0F2FE
S31508006AD06081B8F10E0F00F35C814D4B03EBC803E0
S31508006AE0D3E900AB0C9B002B80F2EE80049B002BB5
S31508006AF000F3EA800ED14B4B002250465946F9F76F
S31508006B00A3FD02460B46DDE90601FAF719F8002847
S31508006B1000F06A8200252C460C9B009EDB430293FC
S31508006B20274600242946484600F0C0FC002F00F0FE
S31508006B30C1802CB1BC4203D02146484600F0B6FCC1
S31508006B403946484600F0B2FCB4E0EA0705D5D6E96E
S31508006B500023F9F779FD013401236D10083665E73E
S31508006B60DDE906AB022466E7049ECDF8088083E7D4
S31508006B70274B03EBC60353E902010B9B002B55D0A9
S31508006B8002460B4600202849F9F788FEDDE910235E
S31508006B90F9F7A2FB009BCDE910019D191E4659463F
S31508006BA05046FAF701F80446F9F7E4FC02460B46A4
S31508006BB050465946F9F790FB3034DDE9102306F8BC
S31508006BC0014B82468B46F9F7B1FF002872D152462F
S31508006BD05B4611490020F9F77FFBDDE91023F9F739
S31508006BE0A5FF002840F0B680AE423FF46EAFDDE95F
S31508006BF010010A4B0022F9F727FD084BCDE91001D1
S31508006C00002250465946F9F71FFD82468B46C6E7CD
S31508006C10A09E0008789E00080000F03F000024406F
S31508006C2000001C40000014400000E03FDDE910238E
S31508006C30F9F70AFD009B009DCDE910013344159331
S31508006C4059465046F9F7B0FF0446F9F793FC303435
S31508006C500B46024659465046F9F73EFB05F8014BE6
S31508006C60159B9D4282468B4627D1009B0022DDE973
S31508006C7010011E44B34BF9F731FB02460B4650464A
S31508006C805946F9F771FF002864D1DDE91023AD49AB
S31508006C900020F9F721FB02460B4650465946F9F7FC
S31508006CA045FF00283FF411AF334616F8012D302A68
S31508006CB0FAD01E46DDF808803AE0A34B0022F9F721
S31508006CC0C3FC82468B46BBE7009E52465B46DDE91F
S31508006CD00601F9F7E3FDF9F767FF0746F9F74AFCF6
S31508006CE052465B46F9F7B0FC02460B46DDE906015B
S31508006CF0F9F7F2FA07F1300C009C06F801CBA6EB7F
S31508006D00040C049C644502460B4633D1F9F7E6FAAF
S31508006D1052465B4604460D46F9F726FFC0B9524669
S31508006D205B4620462946F9F7F7FE08B1FB070FD45C
S31508006D300199484600F0BAFB0023139A337008F10C
S31508006D4001031360239B002B3FF4E6AC1E60E3E4CB
S31508006D50CDF8088033461E4613F8012D392A06D188
S31508006D60009A9A42F7D1029A0132029230220132EF
S31508006D701A709FE7744B0022F9F766FC02460B4629
S31508006D80CDE9062300220023F9F7C6FE00289CD089
S31508006D90CEE70B9A002A00F0E3800A9A012A00F34C
S31508006DA0C280149A002A00F0BA8003F23343099D80
S31508006DB03E46089A01211A4448461F44089200F0A4
S31508006DC073FC044656B1089B002B07DDB342089AAC
S31508006DD0A8BF3346FF1AF61AD31A0893099B0BB3B2
S31508006DE00B9B002B00F0C380002D00F0BD802146D0
S31508006DF02A46484600F018FD019A014604464846C8
S31508006E0000F068FC01998246484600F04FFB099B52
S31508006E105B1B099300F0AE80099A5146484600F07C
S31508006E2003FD01900121484600F03EFC0D9B0546F6
S31508006E30002B00F0D7811A460146484600F0F4FCBC
S31508006E400A9B012B054600F39D800E9B002B40F004
S31508006E5094800F9BC3F31303002B40F08E800F9B87
S31508006E6023F000431B0D1B05002B00F08980089BAF
S31508006E700133013708934FF0010A0D9B002B00F0F0
S31508006E80B7812B6905EB8303186900F0C1FBC0F1D4
S31508006E902000089B184410F01F007ED0C0F1200384
S31508006EA0042B72DD089BC0F11C000344074406440A
S31508006EB00893002F05DD01993A46484600F010FD73
S31508006EC00190089B002B05DD29461A46484600F026
S31508006ED007FD0546129B002B61D00198294600F054
S31508006EE06DFD00285BDA08F1FF3302930199002350
S31508006EF00A22484600F0FCFA0B9B0190002B00F092
S31508006F007981002321460A22484600F0F1FA059BBA
S31508006F10002B044672DC0A9B022B49DC6EE0169BAA
S31508006F20C3F1360343E7049B5D1E099BAB420DDBA9
S31508006F305D1B049B002BBFF63BAF049BFE1A002388
S31508006F4037E700BF0000E03F00002440099B0D9A88
S31508006F500995EB1A1A440D92049B3E46002528E72C
S31508006F60099D0B9C3E462DE7DDF804A054E7099AD7
S31508006F70019953E7CDF804A054E74FF0000A7CE7DF
S31508006F809A467AE74FF0000A7BE792D0089A1C33B4
S31508006F901A441F441E4408928BE70346F6E7049BEF
S31508006FA0CDF80880002B23DC05930A9B022B21DDF4
S31508006FB0059B002B7FF4B0AD29460522484600F014
S31508006FC097FA01460546019800F0F8FC00287FF775
S31508006FD0A3AD009E312306F8013B029B01330293C1
S31508006FE09EE535462C46F4E7049DCDF80880F9E77A
S31508006FF0049B05930B9B002B00F00081002E05DDFA
S3150800700021463246484600F06BFC0446BAF1000FAA
S315080070105AD06168484600F00BFA064628B9824BF2
S31508007020024640F2EF21FFF73EBB22690232920088
S3150800703004F10C010C3001F06FFF0122314648467D
S3150800704000F04EFC0746009B009A03F1010B059BD6
S31508007050134406930E9B03F0010308930BF1FF33C9
S31508007060294601980493FFF77FFA2146059000F117
S31508007070300A019800F0A2FC3A468046294648465E
S3150800708000F0B8FCC268064602BB0146019800F04B
S3150800709095FC024631464846099200F007FADDE9B2
S315080070A0092342EA0301089B19435E4610D1BAF147
S315080070B0390F2BD0B8F1000F02DD059B03F1310A19
S315080070C0049B83F800A02DE52746BCE70122E1E7EB
S315080070D0B8F1000F06DB0A9B48EA0308089B58EA42
S315080070E0030820D1002AEBDD01990122484600F069
S315080070F0F7FB2946019000F061FC002803DCDFD18C
S315080071001AF0010FDCD0BAF1390FD6D1049A392317
S31508007110137033461E46013B16F8012C392A52D005
S3150800712001321A70FEE4002A07DDBAF1390FEDD0F4
S31508007130049A0AF101031370F4E4069B0BF801ACF8
S315080071405B452AD0019900230A22484600F0D0F967
S31508007150BC4201904FF000034FF00A022146484610
S3150800716006D100F0C5F9044607460BF1010B75E791
S3150800717000F0BEF93946044600230A22484600F0C4
S31508007180B7F90746F1E7059B5E1E002B009BD8BFA3
S3150800719000265A1C2746164400240199012248460F
S315080071A000F09EFB2946019000F008FC0028B0DCA0
S315080071B002D11AF0010FACD133461E4613F8012D41
S315080071C0302AFAD0AEE4009A9A42A3D1029B013340
S315080071D002933123AFE7239B002B7FF498AA134B26
S315080071E0FFF7B7BA0A9B012B7FF72FAEDDF834A05D
S315080071F001204EE6059B002B7FF7D7AE009E01982F
S315080072002946FFF7B1F900F1300A009B06F801ABF1
S31508007210F21A059B9342B6DD019900230A224846D5
S3150800722000F066F90190EAE7499D0008CD9C000840
S3150800723038B50546002941D051F8043C0C1F002BEF
S31508007240B8BFE41800F0E8F81D4A136833B963605C
S3150800725014602846BDE8384000F0E4B8A34208D9CF
S31508007260206821188B4201BF19685B6809182160DC
S31508007270EDE71A465B680BB1A342FAD911685018B4
S31508007280A0420BD120680144501883421160E0D116
S3150800729018685B68536008441060DAE702D90C2363
S315080072A02B60D6E7206821188B4204BF19685B68F3
S315080072B0636004BF091821605460CAE738BD00BF7F
S315080072C004060020024B0146186800F025B800BFE6
S315080072D01800002070B50F4E0C463168054611B9E6
S315080072E001F00AFE30602146284601F005FE431CDF
S315080072F003D14FF0FF34204670BDC41C24F00304AC
S31508007300A042F8D0211A284601F0F6FD0130F2D144
S31508007310EFE700BF000600202DE9F843CD1C25F055
S31508007320030508350C2D38BF0C25002D064601DB54
S31508007330A94204D90C2333600020BDE8F883DFF89E
S31508007340D48000F069F8D8F800301C4644BB2946BA
S315080073503046FFF7BFFF431C044658D1D8F8004013
S315080073602746002F43D1002C4BD023683946304698
S3150800737004EB030901F0C0FD814542D121686D1A6D
S3150800738029463046FFF7A6FF01303AD023682B443A
S315080073902360D8F800305A6862BBC8F800700FE05E
S315080073A02268521B20D40B2A17D96119A3422560DB
S315080073B018BF5960636808BFC8F8001062514B606F
S315080073C0304600F02FF804F10B00231D20F00700CB
S315080073D0C21A1CBF1B1AA350AFE76268A3420CBFB0
S315080073E0C8F800205A60EBE723466468AEE73C46D7
S315080073F07F68B6E71A465B68A342FBD10023536051
S31508007400DEE70C233360304600F00CF894E705609D
S31508007410D6E700BF040600200148FFF79CB800BF66
S31508007420FC0500200148FFF797B800BFFC050020BF
S3150800743070B5C46905460E4684B91020FFF742FFA9
S315080074400446E86128B90246164B17486B2101F035
S315080074507BFD0023C0E901330360C360E36853B9C9
S3150800746021220421284601F08DFDEB69E060DB68E6
S315080074700BB9002070BD53F8260030B1026843F8F6
S3150800748026200023C0E90333F4E7012101FA06F4B4
S31508007490621D9200284601F075FD0028E9D0C0E972
S315080074A00164EEE7DA9C00085A9D000870B5C669C3
S315080074B005460C4676B91020FFF704FF0246E86138
S315080074C020B9094B09488F2101F03EFDC0E9016644
S315080074D00660C6603CB1EB696268DB6853F8221047
S315080074E0216043F8224070BDDA9C00085A9D0008C6
S315080074F02DE9F0410D6907460C461E4601F1140CAC
S315080075000020DCF8003099B202FB01611E0C0B0C5E
S3150800751002FB063389B2013001EB034185424CF880
S31508007520041B4FEA1346ECDC0EB3A368AB4219DC26
S31508007530616838460131FFF77BFF804628B9024665
S315080075400C4B0D48BA2101F0FFFC2269023204F106
S315080075500C0192000C3001F0DFFC21463846FFF79B
S31508007560A5FF444604EB850301355E612561204687
S31508007570BDE8F081499D00085A9D00082DE9F843A9
S315080075800C4615461F4609220833064693FBF2F3B6
S31508007590002101229A4209DB3046FFF749FF40B92C
S315080075A00246194B1948D32101F0CEFC520001318D
S315080075B0F0E7089B4361092D4FF00103036116DDCF
S315080075C004F10908C1462C4419F8013B0146303B31
S315080075D00A223046FFF78CFFA145F5D1A844A8F149
S315080075E008042D1B63199F4204DCBDE8F8830A349E
S315080075F00925F6E714F8013B0146303B0A223046D6
S31508007600FFF776FFEEE700BF499D00085A9D000880
S31508007610B0F5803F034636BF030400201020B3F1BF
S31508007620807F3CBF1B020830B3F1805F3CBF1B0163
S315080076300430B3F1804F3CBF9B000230002B05DBC2
S3150800764013F0804F00F1010008BF2020704703683F
S31508007650024613F007000BD0D90721D4980749BF73
S315080076605B089B08012013605CBF1360022070470B
S3150800767099B209B91B0C1020D9B209B908301B0AEE
S31508007680190704BF1B090430990704BF9B08023079
S31508007690D90703D45B0800F1010003D013607047D3
S315080076A0002070472020704710B50C460121FFF7CF
S315080076B0BFFE024628B9054B054840F2451101F0C0
S315080076C043FC01234461036110BD00BF499D0008C6
S315080076D05A9D00082DE9F04FD1F81090D2F810A065
S315080076E0D14585B08846144604DB53460C46CA463F
S315080076F090469946A36861680AEB0906B342B8BF83
S315080077000131FFF795FE30B90246454B45484FF41F
S31508007710B17101F019FC00F1140505EB86072B463B
S315080077200022BB421FD304F1140C08F114010CEB20
S315080077308A0301EB890202921A1B153A22F0030208
S3150800774015349C4288BF00220192029A03918A420C
S315080077500CD8002E03DD57F8043D002B5DD00661DA
S3150800776005B0BDE8F08F43F8042BDAE7B1F800A0BE
S31508007770BAF1000F24D0E046A9464FF0000E58F89B
S31508007780042BD9F800401FFA82FBA4B20AFB0B446B
S315080077904FEA124BD9F8002074444FEA124E0AFBFE
S315080077A00BE202EB1442A4B244EA0244434549F808
S315080077B0044B4FEA124EE2D8019AAA18C2F804E01E
S315080077C0039AB2F802800431B8F1000F23D02A6870
S315080077D0E6469146AA464FF0000BBEF8004008FB65
S315080077E004B404EB194492B242EA04424AF8042B60
S315080077F05EF8042BDAF800904FEA124B1FFA89F26A
S3150800780008FB0B2202EB144273454FEA124BE4D8ED
S31508007810019C2C196260043597E7013E99E700BF81
S31508007820499D00085A9D00082DE9F843174612F0AD
S31508007830030280460D4607D0264C013A002354F829
S315080078402220FFF755FE0546BF103FD0D8F81C404A
S3150800785094B91020FFF736FD0446C8F81C0030B965
S3150800786002461D4B1D4840F2B31101F06DFB002383
S31508007870C0E901330360C360A66846B940F27121C6
S315080078804046FFF711FF0023A060064603602C461A
S315080078904FF0000907F001037F1053B1294632461D
S315080078A04046FFF717FF214605464046FFF7FEFD0F
S315080078B067B1306838B9324631464046FFF70AFFA5
S315080078C03060C0F8009006462C46E3E72846BDE837
S315080078D0F88300BF6C9E0008DA9C00085A9D0008D1
S315080078E02DE9F84F0C464968236903EB6218A3682B
S315080078F0074615464FEA621A08F101094B450BDBA4
S315080079003846FFF795FD064648B90246294B2A48E8
S315080079104FF4EF7101F018FB01315B00EEE700232D
S3150800792000F1140C00F110021946534535DB2269A3
S315080079302AEAEA7A0CEB8A0C04F1140315F01F0EF6
S31508007940614603EB82022CD0CEF1200A0025186886
S315080079508B4600FA0EF02843CBF8000053F8045B78
S315080079609A4201F1040125FA0AF5F0D8131B153BD2
S3150800797023F0030304F115018A4238BF00239C440F
S31508007980CCF8045005B9C1463846C6F810902146C9
S31508007990FFF78CFD3046BDE8F88F42F8041F013327
S315080079A0C3E753F8045B0D609A4201F10401F8D865
S315080079B0E9E700BF499D00085A9D00080A69034681
S315080079C00069801A30B50ED11433143103EB8204E2
S315080079D001EB820154F8045D51F8042D954203D059
S315080079E005D24FF0FF3030BDA342F3D3FBE70120A9
S315080079F0F9E700002DE9F74F8A4606461146504634
S31508007A001446FFF7DBFF051E12D129463046FFF75D
S31508007A100FFD024628B9414B40F23721404801F094
S31508007A2093FA0123C0E90435104603B0BDE8F08F88
S31508007A30BCBF5346A2463046DAF80410BABF1C4605
S31508007A4001250025FFF7F4FC024618B9334B40F22E
S31508007A504521E3E7DAF810702669C5600AF11409CA
S31508007A6004F1140E00F114050AF1100309EB870856
S31508007A700EEB86060193AB464FF0000C019B5EF8B1
S31508007A80040B53F804AF01931FFA8AF3194683B21D
S31508007A90CB1A000C6344C0EB1A4000EB23409BB2A0
S31508007AA043EA004376454BF8043B4FEA204CE5D8B9
S31508007AB0331B153B153423F00303A64238BF0023B6
S31508007AC0E8184B441C1D04302646A5EB0905464517
S31508007AD006EB050E0ED308F10301091B21F003017D
S31508007AE00133984538BF0021014451F8043D9BB144
S31508007AF0176199E756F8041BE2464FEA11491CFA42
S31508007B0081FC514409EB2C4989B241EA09414FEA03
S31508007B10294CCEF80010DAE7013FE6E7499D000850
S31508007B205A9D000882B08DED000B019A0F4B134049
S31508007B30A3F15073002B08DC5B42B3F1A07F4FEA38
S31508007B40235204DA4FF400231341002208E0A2F17D
S31508007B5014031E2BDABF4FF00042DA40012200233D
S31508007B601946104641EC100B02B070470000F07F32
S31508007B702DE9F041066900F1140808EB8606371F5F
S31508007B8056F8042C1046FFF743FDC0F120030A28D7
S31508007B900B601B4915DCC0F10B0C22FA0CF3B84537
S31508007BA043EA010534BF56F8083C0023153002FAAB
S31508007BB000F023FA0CF303431C4645EC104BBDE8D2
S31508007BC0F081B8453ABF56F8083CA6F108070023E5
S31508007BD00B3812D0C0F1200123FA01F48240224367
S31508007BE0474542F07F558CBF57F8042C0022834046
S31508007BF0CA4045F440151343DEE742EA0105DBE7D0
S31508007C000000F03F2DE9F7430F46012159EC108B90
S31508007C101646FFF70DFC044630B90246234B2448A6
S31508007C2040F20F3101F090F9C9F30A55C9F313036D
S31508007C300DB143F480130193B8F1000323D06846CD
S31508007C400093FFF704FD0099D8B1019AC0F120030B
S31508007C5002FA03F30B43C24063610192019BA361DD
S31508007C60002B0CBF012202222261A5B1A5F23345E1
S31508007C7005443D60C0F135003060204603B0BDE8DC
S31508007C80F0836161EAE701A8FFF7E1FC019B636104
S31508007C9020300122E8E704EB8203A0F23240386084
S31508007CA01869FFF7B5FCC0EB4210E5E7499D0008E7
S31508007CB05A9D00082DE9F04F85B0CDE9001002A9BC
S31508007CC0FFF756FF009803A955EC104BFFF750FF36
S31508007CD0019B1969009B1B69C91ADDE902329B1AC7
S31508007CE05BEC10AB03EB4113002BCEBF2A46C3EB6C
S31508007CF003335A462F46D946CCBF02EB035702EB4D
S31508007D0003594B46524620463946F8F7C7FD41EC1B
S31508007D10100B05B0BDE8F08F013970B5491114692B
S31508007D20013102F1140300EB810103EB8404051F02
S31508007D30A3420CD3A31A113B23F003031132944236
S31508007D4038BF002318440023884205D370BD53F872
S31508007D50046B45F8046FEBE740F8043BF4E700F1E1
S31508007D60140200694B11984210B511DB0ADD11F0B7
S31508007D701F0107D052F8234024FA01F000FA01F156
S31508007D808C420BD102EB8303934203D8002010BD2B
S31508007D900346F7E753F8041D0029F5D00120F6E756
S31508007DA070B504460D4645EC104B1646FFF7BAFE6D
S31508007DB051EC100B7EB1C5F30A53C3F16B03002BCC
S31508007DC009DD1B0503F17F55002405F540152246FC
S31508007DD02B46F8F739FC41EC100B70BD000000008B
S31508007DE02DE9F04F9DB00E46159200220490189288
S31508007DF04FF000084FF0000917910A782B2A0D4614
S31508007E0001F101011DD00BD80D2A06D8082AF3D88E
S31508007E107AB100230B939A4683E0202AECD0F8E740
S31508007E202D2A10D10122691C17910B926A78002A13
S31508007E3037D1159B1796002B40F0958542464B4641
S31508007E402AE00022EFE700210B91302A40F09B80C0
S31508007E506A7802F0DF02582A5AD102930B9B0193E3
S31508007E6018AB0093814A049819AB17A901F006F9D3
S31508007E7010F00F06044605D0062E14D1013500234E
S31508007E8017950B93159B002B40F06F850B9B002BCA
S31508007E90D4D0424609F1004343EC102B1DB0BDE88F
S31508007EA0F08F0D46D1E7189A3AB135211AA8FFF78F
S31508007EB033FF18990498FFF7F9FA013E042E06D8FD
S31508007EC0DFE806F014031E211400DDE91A89E0052F
S31508007ED048BF49F0004929F000431B0D1B05002B3C
S31508007EE0D0D1FEF70DFB22230360CBE7DDE91A8329
S31508007EF0199A23F4801302F2334243EA0259E6E759
S31508007F00DFF87091E3E76FF000494FF0FF38DEE7DE
S31508007F10013517952B78302BFAD0002BB2D04FF0BD
S31508007F20010A00272B460E97BB460A21184613F866
S31508007F30014BA4F13002092A28D94D49012200F043
S31508007F40C8FF002834D00020CDE9060022465C464A
S31508007F50652A01D0452A14D124B95AEA00033FF408
S31508007F6068AF0024179E731C179372782B2A73D058
S31508007F702D2A77D04FF0000CA2F13003092B7FD9B8
S31508007F80179600239EE04FF0000ACAE7BBF1080FD8
S31508007F90D8BF0E9A1793DBBF01FB0242303A01FBAA
S31508007FA007420E92C8BFA2F130070BF1010BBDE7DD
S31508007FB0179B5A1C17925A78BBF1000F33D00690BC
S31508007FC05C46A2F13003092B12D901230793BFE7B8
S31508007FD0179B5A1C17925A780130302AF8D0A2F10A
S31508007FE03103082B00F2C6840690179D002004462C
S31508007FF0303A00F1010310D006991944069120443D
S315080080000A23A04211D1082800F1010419DC0E99AF
S315080080100A2303FB01230E930023179A511C179179
S3150800802052781846CDE75846D7E7082C04F10104DC
S3150800803003DC0E9959430E91E3E7102CD8BF5F4332
S31508008040DFE70F28DCBF0A2303FB0727E4E7002145
S315080080500123CDE9061380E74FF0000CB31C1793F4
S31508008060B27889E74FF0010CF8E700BF7C9F00085B
S31508008070B39D00080000F07F179B5A1C17925A7888
S31508008080302AF9D0A2F13103082B3FF67AAF179BB5
S315080080900593A2F1300E013317931A78A2F1300135
S315080080A009293CD905995B1A082B44F61F633CDC61
S315080080B09E457146A8BF19460591BCF1000F02D02E
S315080080C0059B5B420593002C50D15AEA00007FF4C9
S315080080D0D9AE079B002B7FF4ACAE692A29D026DCE3
S315080080E0492A26D04E2A7FF4A4AEA14917A801F042
S315080080F0E7F900283FF49DAE179B1B78282B2FD154
S315080081009C491AAA17A801F0EFF9052828D11B9B44
S31508008110DDF8688043F0FF4949F4E009B2E60A2130
S3150800812001FB0E22A2F1300EB5E70593C5E76E2ACC
S31508008130D9E7914917A801F0C3F900283FF479AEA9
S31508008140179B8E49013B17A8179301F0B9F910B987
S31508008150179B01331793DFF834924FF0000891E626
S31508008160874800F0E9FE59EC108B8BE6DDE905320D
S315080081700E989B1ABBF1000F08BFA346102C0A9352
S31508008180A246A8BF4FF0100AF8F7E4F9092C804672
S31508008190894613DC0A9B002B3FF474AE0A9B73DDF9
S315080081A0162B5ADC774901EBC301D1E90001424697
S315080081B04B46F8F749FA8046894663E6714B03EB66
S315080081C0CA0353E91223F8F73FFA80463846894628
S315080081D0F8F7C0F902460B4640464946F8F77EF8D6
S315080081E00F2C80468946D5DD0A9BA4EB0A0A9A44D9
S315080081F0BAF1000F40F397802AF00F061AF00F0A1B
S3150800820051D1B6F59A7F5EDC0023DFF87CA13611E2
S31508008210404649461F46012E79D10BB1804689460C
S315080082205949A9F1547901EBC70142464B46D1E9B0
S315080082300001F8F709FA554B0A460B4054498B4298
S31508008240804640D8A1F580118B4286BFDFF844915D
S315080082504FF0FF3802F1547932E00A9AC4F1250347
S315080082609342C1DB474DC4F10F0405EBC4014246F6
S315080082704B46D1E90001F8F7E7F90A9B1C1B05EB09
S31508008280C405D5E9002394E71633ADDBDDE90523FC
S315080082909A1A3C4B03EBC203D3E9002340464946EE
S315080082A0F8F7FCFA87E7374901EBCA0142464B461D
S315080082B0D1E90001F8F7C8F980468946002EA0D111
S315080082C000230793A0E0002405940E940694049ACC
S315080082D0DFF8B890222313604FF000080E9B002B9E
S315080082E03FF4D0AD18990498FFF7E0F8069904987A
S315080082F0FFF7DCF8DDE90401FFF7D8F80E990498D2
S31508008300FFF7D4F804982146FFF7D0F8BAE5F20744
S3150800831004D5DAE90023F8F797F90123013776102F
S315080083200AF1080A77E7CBD0CAF1000A4FEA2A16FB
S315080083301AF00F0A0DD11F2E2EDD002405940E9477
S315080083400694049A22234FF000084FF000091360A0
S31508008350C4E70C4B03EBCA0340464946D3E900235E
S31508008360F8F79CFA80468946002EA9D0E3E700BFB5
S31508008370A19C0008689F0008999C0008D09C0008EA
S31508008380099E0008A09E0008789E00080000F07F5D
S315080083900000A07CFFFFEF7F16F0100318BF6A23CA
S315080083A0764F0793404649460023F20704D5D7E996
S315080083B00023F8F749F90123761007F10807F4D1E5
S315080083C00BB180468946079BB3B1C9F30A52C2F17D
S315080083D06B03002B49460FDD1F2B57DD342BDEBF01
S315080083E04FF0FF33C2F14B0293404FF00008CCBF69
S315080083F04FF05C7903EA010900220023404649460A
S31508008400F8F78AFB002898D10E9B00930498234618
S315080084105A462946FFF7B2F80E9000283FF453AFA4
S31508008420DDE905239B1A0A9A002AA8BF002312939E
S31508008430002422EAE273149305940E9B0498596863
S31508008440FEF7F6FF069000283FF441AF0E9B1A6927
S31508008450023203F10C0192000C3000F05DFD49EC8C
S31508008460108B04981AAA19A9CDE90C89FFF7CAFB3B
S31508008470189000283FF42BAF04980121FFF714F950
S315080084800590034648B90023059320E74FF0FF32CD
S3150800849002FA03F303EA0808AEE7199D1A9A002DB3
S315080084A0ABBF129B149B149E129FACBFEF185E1BAA
S315080084B0079BED1A1544324B013D9D42C2F1360227
S315080084C04FDA5B1B1F2BA2EB03024FF001013CDCCA
S315080084D001FA03FA4FF0000BBD18079BAF4216448A
S315080084E01E443B46A8BF2B46B342A8BF3346002BC3
S315080084F0C2BFED1AF61AFF1A129B002B16DDDDE92C
S3150800850004011A46FFF790F905900028BBD00146EA
S31508008510189A0498FFF7DEF80F9000283FF4D7AEB4
S3150800852018990498FEF7C2FF0F9B1893002D1BDCC1
S315080085300A9B002B26DD149A06990498FFF774F90E
S315080085400690F8B900230693C1E6C5F17F4505F5FF
S315080085507F0505F57B45E23501FA05FB4FF0010A73
S31508008560BAE74FF0000BF9E7189904982A46FFF77F
S31508008570B7F918900028DBD1A9E600BF909F00083C
S3150800858002FCFFFF002E07DD069904983246FFF726
S31508008590A7F906900028D5D0002F08DDDDE90401EB
S315080085A03A46FFF79DF9059000283FF490AE069AE3
S315080085B018990498FFF71EFA044600283FF487AE78
S315080085C0C3680F9300230599C360FFF7F7F90028DE
S315080085D03CDA0F9B53EA08035ED1C9F313034D46F1
S315080085E0002B59D129F000431B0D1B05B3F1D66F9B
S315080085F052D9636913B92369012B4DDD214601223E
S315080086000498FFF76DF905990446FFF7D7F900288E
S3150800861042DDAD4B079A2B40002A5FD0B3F1D66FE7
S315080086205CD8B3F15C7F7FF68CAEA84B40464946D2
S315080086300022F8F709F8A44B0B4080468946002B20
S315080086407FF450AE049A222313604BE64D4662D15E
S315080086500F9AC9F3130342B39D4A934228D1079B45
S315080086604146EBB1984B2B40B3F1D46F4FF0FF3234
S3150800867019D81B0DC3F16B0302FA03F3994217D1FC
S31508008680944B9D4202D101313FF421AE8E4B2B40D3
S3150800869003F580194FF00008079B002BC5D121E68A
S315080086A04FF0FF33EAE71346E8E753EA0803B0D08A
S315080086B0BBF1000F1BD01BEA050FEDD00F9B079AE5
S315080086C040464946B3B1FFF76BFBDDE90C0153ECB5
S315080086D0102BF7F703FE80468946DDE7A3F58013DE
S315080086E06FEA13596FEA09594FF0FF38D4E71AEAC7
S315080086F0080FE2E7FFF754FBDDE90C0153EC102BFA
S31508008700F7F7EAFD0022002380468946F8F704FABF
S315080087100028C1D015E605992046FFF7CBFA57EC95
S31508008720106B00224FF0804330463946F8F708FAB6
S31508008730002870D00F9B002B7BD1B8F1000F56D1C3
S31508008740C9F31303002B58D1634B00223046394630
S31508008750F8F7ECF9002859D1604B00223046394623
S31508008760F7F772FF82468B460BF10043CDF820A03F
S315080087700993554B544A2B401393594B2A409A4216
S31508008780DDE9086740F0B080A5F1547949EC108B13
S31508008790FFF7C8F9DDE9082351EC100BF7F754FF8A
S315080087A042464B46F7F79AFD474D4E4A0D409542CD
S315080087B0804645D90D9A474B9A4203D10C9B013303
S315080087C03FF485ADDFF80C914FF0FF3818990498FF
S315080087D0FEF76CFE06990498FEF768FEDDE90401CB
S315080087E0FEF764FE04982146FEF760FE25E6B8F11A
S315080087F0010F02D1002D3FF4A4AD9FED2B7BDFF8CE
S31508008800D8B08DED087B4FF0000AB2E7DFF8CCB0A0
S315080088104FF0000AA8E7314B002230463946F7F7F1
S3150800882013FF0F9B82468B46002B9DD0CDE908ABE4
S315080088309FE79FED1F7B8DED087B5BEC17AB98E7F9
S3150800884001F15479079B002BC0D129F00043139AF4
S315080088501B0D1B059A42B9D150465946F8F754FAEA
S31508008860F7F7C4FE02460B4650465946F7F734FD5D
S315080088700F9AC9F3130343EA0803134306460F4640
S315080088806BD00DA3D3E90023F8F750F900287FF43D
S3150800889029AD0BA3D3E9002330463946F8F764F926
S315080088A0002893D01EE500BF000000000000F0BFBE
S315080088B0000000000000F03F9535A094FFFFDF3F61
S315080088C035E5AF350000E03F0000F07F0000503985
S315080088D0FFFF0F00FFFFEF7F0000F03F0000E03FC3
S315080088E00000E07FFFFF9F7C079B13B3139BB3F148
S315080088F0D46F1ED824A3D3E9002350465946F8F767
S315080089001FF990B159465046F8F776F9012838BF4D
S315080089100120F7F71FFE0F9B82468B46D3B901F15C
S31508008920004310901193DDE91067139A07F1D66397
S315080089309F1A9DED0C0BFFF7F5F8304653EC102BFC
S315080089403946F7F781FEDDE90C23F7F7C7FC8046C1
S31508008950894677E7CDE910ABE5E70DA3D3E9002310
S31508008960F8F7E4F89CE700230B93159A179B136016
S31508008970FFF78CBA652A3FF46AAB452A3FF467AB22
S3150800898001230793FFF7A1BB0000C0FFFFFFDF41EC
S315080089909535A094FFFFCF3F014BFFF721BA00BFE3
S315080089A068000020242B2DE9F0478646904601D81A
S315080089B0012B06D1FDF7A4FD162303600020BDE8B0
S315080089C0F08734480D462A4615F8014B065D16F021
S315080089D00806F8D12D2C10D12C780126951C33F0D9
S315080089E0100215D1302C0DD12A7802F0DF02582A50
S315080089F008D16C78023510230AE02B2C04BF2C789A
S31508008A00951CECE7002BF6D1302C14BF0A2308235B
S31508008A1006F1004C0CF1FF3C0022BCFBF3F91046B2
S31508008A2003FB19CAA4F13007092F0FD83C46A34205
S31508008A301BDD571C07D0814514D301D1A24511DB94
S31508008A4000FB0340012215F8014BEBE7A4F14107AF
S31508008A50192F01D8373CEAE7A4F16107192F04D882
S31508008A60573CE4E74FF0FF32EDE7531C08D12223C9
S31508008A70CEF800306046B8F1000FA0D0691E06E0B7
S31508008A8006B14042B8F1000F99D0002AF6D1C8F8CD
S31508008A90001094E7B99F0008FFF784BF2DE9F04757
S31508008AA08E681F46BE4282460C469046334653D8C9
S31508008AB0B1F90C0010F4906F2BD065692368096929
S31508008AC005EB4505A3EB010905EBD5757B1C6D1078
S31508008AD04B44AB422A4684BF1D462A46430527D542
S31508008AE011465046FEF718FC064658B321694A4611
S31508008AF000F012FAA38923F4906343F08003A3815C
S31508008B00266165614E44A5EB09052660A5603E46CB
S31508008B103B461F4620683A46414600F0C1F9A3681D
S31508008B209B1BA36023683B4423600020BDE8F087B5
S31508008B30504600F088FD06460028E1D121695046D6
S31508008B40FEF776FB0C23CAF80030A38943F04003EE
S31508008B50A3814FF0FF30E9E73E46DBE72DE9F04712
S31508008B601F468B891B069CB006460D46144610D533
S31508008B700B6973B94021FEF7CFFB2860286130B92D
S31508008B800C2333604FF0FF301CB0BDE8F08740235C
S31508008B906B610023099320238DF82930039730232E
S31508008BA0654F8DF82A304FF001082346994613F889
S31508008BB0012B0AB1252AF9D1B9EB040A0BD0534681
S31508008BC0224629463046FFF769FF013000F0A480A7
S31508008BD0099A5244099299F80030002B00F09C80BB
S31508008BE000234FF0FF32CDE9052309F1010904936B
S31508008BF007938DF853301A934C464F4814F8011BC7
S31508008C000522F7F70DFB049BD0B9D80644BF2022EE
S31508008C108DF85320190744BF2B228DF8532099F855
S31508008C2000202A2A13D0079A4C4600204FF00A0C37
S31508008C30214611F8013B303B092B49D968B913E0A5
S31508008C40C01B08FA00F018430490A146D4E7039A1B
S31508008C50111D12680391002A01DB079204E05242B3
S31508008C6043F002030792049323782E2B0AD16378E4
S31508008C702A2B32D1039B1A1D1B68039243EAE3731E
S31508008C8002340593DFF8C090217803224846F7F7A7
S31508008C90C7FA38B1049BA0EB09004022824013436F
S31508008CA00134049314F8011B24488DF82810062271
S31508008CB0F7F7B6FA002835D0214818BB039B0733C7
S31508008CC023F0070308330393099B034409936CE7CE
S31508008CD00CFB02320C460120AAE700230134059357
S31508008CE019464FF00A0C204610F8012B303A092A8B
S31508008CF003D9002BC6D00591C4E70CFB0121044615
S31508008D000123F0E703AB00932A460E4B04A930462D
S31508008D10FCF77CFC421CD7D1AB895B063FF532AF2A
S31508008D20099831E703AB00932A46064B04A9304657
S31508008D30FCF702FFEEE700BFB59D0008BF9D0008DF
S31508008D400D5600089D8A0008BB9D0008B1F90C2045
S31508008D502DE9F041160705460C4651D44B68002B01
S31508008D6002DC0B6C002B49DDE66A002E46D0002398
S31508008D7012F480522F682B6031D0626DA38959078F
S31508008D8005D56368D21A636B0BB1236CD21A00231C
S31508008D90E66A216A2846B047421CB4F90C3006D167
S31508008DA029681D2946D8294ACA40D60742D500222D
S31508008DB06260D9042269226004D5421C01D12B685D
S31508008DC003B96065616B2F60C1B104F14403994230
S31508008DD002D02846FEF72CFA002363630EE0216AC8
S31508008DE001232846B0470246501CC7D12B68002BE2
S31508008DF0C4D01D2B01D0162B1AD12F6000201EE0DF
S31508008E000F69002FFAD093070E6808BF4B690F60E9
S31508008E1018BF0023A6EB07088B60B8F1000FEDDD3D
S31508008E20216AA66A43463A462846B047002808DC1F
S31508008E30B4F90C3043F04003A3814FF0FF30BDE88E
S31508008E40F0810744A8EB0008E7E700BF01004020CF
S31508008E5038B50B6905460C4613B90025284638BDB2
S31508008E6018B1036A0BB9FDF727FAB4F90C30002BD1
S31508008E70F3D0626ED00704D4990502D4A06DFDF72D
S31508008E806AFB28462146FFF761FF636EDA07054647
S31508008E90E4D4A3899B05E1D4A06DFDF75DFBDDE76E
S31508008EA0884210B501EB020402D98442234607D84A
S31508008EB0431EA14207D011F8012B03F8012FF8E74A
S31508008EC00244824200D110BD13F8011D02F8011DAB
S31508008ED0F7E710B56AB10139841810F8012B11F8B3
S31508008EE0013F9A4203D1A04201D0002AF5D1D01AF7
S31508008EF010BD1046FCE7000038B5064D00230446B1
S31508008F0008462B60F8F7E6FA431C02D12B6803B132
S31508008F10236038BDF80500200A44914200F1FF336A
S31508008F2000D1704710B511F8014B03F8014F914273
S31508008F30F9D110BD000000009FED010B704700BF7E
S31508008F40000000000000F87F1FB514461A46094BBA
S31508008F501B680546D8684CB1074B0091CDE901342A
S31508008F6006492B4600F0AAFB00F0BAFB044B1C4648
S31508008F70F3E700BF18000020CE9D0008DB9D00081F
S31508008F80099E000870B5A1FB025434B92946FEF7BC
S31508008F90C3F9064628B9304670BD0C220260002681
S31508008FA0F9E72A462146FDF759FAF4E70369B3EBD0
S31508008FB0611F2DE9F0434FEA611200F1140445DD03
S31508008FC011F01F0104EB830604EB82050CD100F1B6
S31508008FD010072946B14234D39B1A9B00EA1E9642D3
S31508008FE038BF0023234415E054F82270C1F1200845
S31508008FF0CF4005F1040EA1467645F44615D89A1ACF
S315080090009200043A0135AE4238BF0022A318A75091
S3150800901007B104331A1BA3424FEAA20208BF002372
S31508009020026108BF4361BDE8F083DCF800C00CFAB2
S3150800903008FC4CEA070749F8047B5EF8047BCF4036
S31508009040DAE751F804CB47F804CFC3E72346E1E74C
S31508009050A0F13003092B02D82038C0B27047A0F11E
S315080090606103052B01D84738F7E7A0F14103052B23
S3150800907001D82738F1E70020704700002DE9F04FA6
S3150800908085B08A4602930B68019090469C1CA146BF
S3150800909014F8010B3028FAD0A9EB0303A3F1020B4D
S315080090A0FFF7D6FF0546002868D1A04901224846A1
S315080090B0FFF70FFF0746002867D199F801002646F3
S315080090C0FFF7C6FF002862D023461878302899464D
S315080090D003F10103F9D0FFF7BBFFB0FA80F56D097C
S315080090E04FF0010B4A46164601323078FFF7B0FFBB
S315080090F00028F8D18D4901223046FFF7EAFE0028FC
S315080091003FD144B9741C2246164601323078FFF71F
S315080091109FFF0028F8D1A41BA700337803F0DF03CC
S31508009120502B3ED173782B2B33D02D2B34D0711C7A
S3150800913000240878FFF78CFF431EDBB2182B30D8C3
S31508009140A0F1100211F8010FFFF782FF00F1FF3CB2
S315080091505FFA8CFCBCF1180F4FF00A031ED904B154
S3150800916052421744CAF80010EDB1BBF1000F0CBF0C
S3150800917006250025284605B0BDE8F08F00252C46B3
S31508009180B0E7002CC7D12746C7E74E462F4601252C
S31508009190C3E70024B11CCCE70124FBE703FB02006C
S315080091A0CEE73146DEE7A6EB0903013B2946072B46
S315080091B00ADC0198FEF73CF9044640B95C4B0246C6
S315080091C0E4215C48FFF7C0FE01315B10EFE700F1D0
S315080091D0140A002355469B46B14537D345F804BBC8
S315080091E0A5EB0A05AD1025615846FEF711FA6D0183
S315080091F0D8F800602D1AB54254DDAD1B2946204625
S31508009200FEF7ADFD814678B16B1E591103F01F02BA
S315080092105AF821104FF0010909FA02F20A4203D05E
S315080092204B4536DC4FF0020929462046FFF7BEFEBD
S315080092302F44D8F80830BB4242DA01982146FEF797
S3150800924035F90E9A00231360A32593E716F8012D26
S315080092502E2A12D0202B04D145F804BB4FF0000B60
S315080092605B4630780393FFF7F3FE039B00F00F008D
S3150800927098404BEA000B0433AEE7B145EAD82B49D0
S31508009280039301223046FFF724FE039B0028E1D111
S31508009290A2E7A91E2046FEF762FD0028C2D04FF0BD
S315080092A00309C1E709DA751B214601982A46FEF724
S315080092B017FB7F1B044600F1140A4FF00009B8E7B4
S315080092C0D8F80450BD426FDDED1BAE4234DCD8F849
S315080092D00C30022B22D0032B24D0012B15D1AE4201
S315080092E013D1012E0BD1029AD8F80430136001234A
S315080092F02361CAF800300E9B62251C603AE7711E8E
S315080093002046FEF72CFD0028EDD101982146FEF7F0
S31508009310CDF80E9A0023136050252BE70F9B002BE0
S31508009320F3D1E0E70F9B002BDDD1EEE7B39D0008F4
S31508009330499D00080A9E00086F1EB9F1000F30D13A
S3150800934027B139462046FEF70AFD81467A110123E0
S315080093505AF8222007F01F07BB4013422946204629
S3150800936018BF49F00209FFF721FED8F80470761BEA
S315080093700225B9F1000F47D0D8F80C30022B15D0CA
S31508009380032B17D0012B09D119F0020F06D0DAF8F2
S31508009390003049EA030919F0010F0ED145F010050E
S315080093A032E04FF00109D1E70125E2E70F9BC3F14F
S315080093B001030F930F9B002BF0D0D4F810B004F1E3
S315080093C014034FEA8B0A03EB8B014FF0000C184687
S315080093D053F8042BB2F1FF3F1BD001320260022D75
S315080093E004F114033CD1D8F80020013AB24209D15D
S315080093F07111012253F8213006F01F0602FA06F60B
S315080094001E423AD145F020050E9B1C60029B1F6048
S31508009410B0E6994243F804CCD9D8A3689B4517DB34
S31508009420616801980131FEF703F8814618B91A4BAD
S3150800943002468421C5E62269023204F10C01920033
S315080094400C30FFF769FD21460198FEF72FF84C46C8
S3150800945023695A1C04EB8303226101225A61BEE781
S3150800946022695A450BDD01212046FFF79FFDD8F8F2
S3150800947008300137BB42FFF6E0AE0125C2E716F019
S315080094801F06FAD05344C6F1200653F8040CFEF71B
S31508009490BFF8B042E7DBF0E7499D0008C2F10802D1
S315080094A0920070B5C2F120064368046803FA06F50F
S315080094B02C43D340046040F8043F8842F4D370BD7F
S315080094C030B50368013311F8014B14B90360012064
S315080094D030BD13F8012BA2F14105192D98BF203292
S315080094E0A242F0D00020F3E72DE9F04F0B6801689F
S315080094F05E1102EB860613F01F0387B018BF043609
S315080095000025371F82469046019346F8045CB94603
S315080095103C460295AB464A784B1C039342B3104629
S3150800952005910492FFF794FD002853D1049A0599F2
S31508009530202A18D8029B9B4513DD4C4506D2072DD9
S3150800954004DC2A4649462046FFF7A8FF444554D975
S315080095500023A4F1040944F8043CCDF808B04C46AD
S315080095601D460399D7E7292A59D10231CAF80010AE
S31508009570BBF1000F53D04C4506D2072D04DC2A4612
S3150800958049462046FFF78AFF444538D9A8F1040220
S31508009590234653F8041B42F8041F9F42F9D23B1B8B
S315080095A023F003030134033EB44288BF002308F1C5
S315080095B00402134400211A4604339F421160FAD26A
S315080095C03B681BB9474528D101233B60052007B0F6
S315080095D0BDE8F08F0135082D0BF1010B06DD44457A
S315080095E0BFD9002344F8043C0125043C226800F056
S315080095F00F0040EA02102060B3E70825B1E7019B97
S31508009600002BDDD0C3F120034FF0FF32DA4056F8C5
S31508009610043C134046F8043CD2E7043FD0E7042054
S31508009620D5E782B001B901A942B14BB113780B60F5
S315080096301278101E18BF012002B070471046FBE7CB
S315080096406FF00100F8E72DE9F041074614460D468C
S3150800965021B9BDE8F0411146FDF75EBE2AB9FDF70E
S31508009660E7FD25462846BDE8F08100F040F884422B
S31508009670064602D8B4EB500FF4D821463846FDF713
S315080096804BFE804608B94546ECE7B44222462946D1
S3150800969028BF3246FFF740FC29463846FDF7C8FD85
S315080096A0F1E70346084641B1FF2A04D98A221A601F
S315080096B04FF0FF3070470A70012070470EB403B5AB
S315080096C0014603AB054853F8042B0068019300F0E4
S315080096D03FF802B05DF804EB03B0704718000020AD
S315080096E008B5062000F002FA0120F7F77BFE51F8CC
S315080096F0043C181F002BBCBF0B58C0187047936852
S31508009700013B002B10B4936008DA9469A34201DB8D
S315080097100A2903D15DF8044B00F02EB91368581CCA
S315080097201060197008465DF8044B7047F8B5064690
S315080097300F461446D518AC4201D1002007E014F8AC
S31508009740011B3A463046FFF7DAFF431CF3D1F8BD52
S315080097502DE9F0470D469CB014461F46064618B13B
S31508009760036A0BB9FCF7A8FD6B6ED90705D4AB895C
S315080097709A0502D4A86DFCF7EEFEAB891B0701D546
S315080097802B699BB92946304600F034F970B16B6EE7
S31508009790DC0704D54FF0FF301CB0BDE8F087AB8975
S315080097A09805F7D4A86DFCF7D7FEF3E700230993CD
S315080097B020238DF82930039730236A4F8DF82A30F5
S315080097C04FF001082346994613F8012B0AB1252ABA
S315080097D0F9D1B9EB040A0BD053462246294630463E
S315080097E0FFF7A4FF013000F0A480099A52440992B9
S315080097F099F80030002B00F09C8000234FF0FF32D0
S31508009800CDE9052309F10109049307938DF853302F
S315080098101A934C46534814F8011B0522F6F700FD27
S31508009820049BD0B9D90644BF20228DF853201A07C5
S3150800983044BF2B228DF8532099F800202A2A13D0EA
S31508009840079A4C4600204FF00A0C214611F8013BB6
S31508009850303B092B49D968B913E0C01B08FA00F058
S3150800986018430490A146D4E7039A111D1268039180
S31508009870002A01DB079204E0524243F002030792F2
S31508009880049323782E2B0AD163782A2B32D1039B93
S315080098901A1D1B68039243EAE37302340593DFF843
S315080098A0D490217803224846F6F7BAFC38B1049BCF
S315080098B0A0EB09004022824013430134049314F8B4
S315080098C0011B29488DF828100622F6F7A9FC00285E
S315080098D03ED0264818BB039B073323F007030833FB
S315080098E00393099B034409936CE70CFB02320C466D
S315080098F00120AAE700230134059319464FF00A0C04
S31508009900204610F8012B303A092A03D9002BC6D075
S315080099100591C4E70CFB012104460123F0E703ABDC
S3150800992000932A46124B04A93046FBF76FFE431CE8
S31508009930D7D16B6ED90705D4AB899A0502D4A86D21
S31508009940FCF70AFEAB895B063FF524AF099823E7C7
S3150800995003AB00932A46064B04A93046FCF7ECF8FD
S31508009960E5E700BFB59D0008BF9D00080D56000835
S315080099702D970008BB9D0008F8B50E461446054607
S3150800998018B1036A0BB9FCF797FCA369A360A3890E
S315080099901A0701D5236943B92146284600F02AF853
S315080099A018B14FF0FF373846F8BD23682269981A70
S315080099B06369F6B28342374605DC21462846FFF737
S315080099C047FA0028EDD1A368013BA36023685A1C17
S315080099D022601E706269431C9A4204D0A389DB0781
S315080099E0E1D50A2EDFD121462846FFF731FA0028AD
S315080099F0D9D0D6E738B5284B054618680C4618B1AD
S31508009A00036A0BB9FCF758FCB4F90C301A0721D4D1
S31508009A10D80607D409222A6043F04003A3814FF0F1
S31508009A20FF3030E0590712D5616B41B104F14403A8
S31508009A30994202D02846FDF7FBFB00236363002208
S31508009A40B4F90C3062602269226023F0240343F0E3
S31508009A500803A38122693AB99A0501D5180603D5E0
S31508009A602146284600F082F8B4F90C3013F00102BA
S31508009A700AD00022A26062695242A261226942B9F2
S31508009A8013F08000C8D138BD990758BF6269A26033
S31508009A90F4E70020F7E700BF180000201F2938B5B3
S31508009AA005460C4604D9162303604FF0FF3038BD2F
S31508009AB0C26B12B152F821304BB9284600F030F883
S31508009AC0224601462846BDE8384000F017B8012B63
S31508009AD00AD0591C03D1162303600120E7E70021A9
S31508009AE042F82410204698470020E0E7024B01463A
S31508009AF01868FFF7D3BF00BF1800002038B5074D18
S31508009B0000230446084611462B60F7F75BFC431C06
S31508009B1002D12B6803B1236038BD00BFF8050020C9
S31508009B20F7F748BC70B50C46B1F90E10002996B087
S31508009B3015461E460ADAA18911F0800113D14FF4A1
S31508009B408062002031602A6016B070BD6A4600F057
S31508009B5047F80028EFDB019901F47041A1F500539D
S31508009B6059425941EBE700214022EAE78B8973B550
S31508009B709E0705460C4607D504F147032360236173
S31508009B800123636102B070BD01AB6A46FFF7CAFFE5
S31508009B90009E28463146FDF7BFFBB4F90C3038B9AC
S31508009BA09A05EFD423F0030343F00203A381E3E706
S31508009BB043F08003A381019B2060C4E90406002BBF
S31508009BC0E0D0B4F90E10284600F01CF80028D9D0C9
S31508009BD0A38923F0030343F00103A381D2E700001E
S31508009BE038B5074D00230446084611462B60F7F79B
S31508009BF049FC431C02D12B6803B1236038BD00BF62
S31508009C00F805002038B5064D0023044608462B60A3
S31508009C10F7F748FC431C02D12B6803B1236038BD13
S31508009C20F8050020F8B500BFF8BC08BC9E4670478A
S31108009C30F8B500BFF8BC08BC9E4670479B
S31508009C4043757272656E742078203D20252E326623
S31508009C50090A0000000000000000000001020304D9
S31508009C6006070809000000000102030401000200BB
S31508009C700400060008000A000C001000200040003E
S31508009C808000000101010103070100000804020425
S31508009C9008010101494E4600696E66004E414E00B4
S31508009CA06E616E003000303132333435363738392C
S31508009CB0414243444546003031323334353637382D
S31508009CC0396162636465660065256C6400496E6681
S31508009CD0696E697479004E614E005245454E5420AE
S31508009CE06D616C6C6F632073756363656564656429
S31508009CF0002F6275696C642F676E752D746F6F6CB3
S31508009D00732D666F722D73746D33325F31342E3353
S31508009D102E72656C312E32303235313032372D3075
S31508009D203730302F7372632F6E65776C69622F6ECA
S31508009D3065776C69622F6C6962632F7374646C69EA
S31508009D40622F64746F612E630042616C6C6F6320CE
S31508009D50737563636565646564002F6275696C6411
S31508009D602F676E752D746F6F6C732D666F722D73FA
S31508009D70746D33325F31342E332E72656C312E3268
S31508009D80303235313032372D303730302F737263F9
S31508009D902F6E65776C69622F6E65776C69622F6CBA
S31508009DA06962632F7374646C69622F6D7072656380
S31508009DB02E63002E00232D302B2000686C4C006586
S31508009DC06667454647004300504F534958002C20C4
S31508009DD066756E6374696F6E3A2000617373657297
S31508009DE074696F6E2022257322206661696C65642A
S31508009DF03A2066696C6520222573222C206C696ED0
S31508009E0065202564257325730A002F6275696C64BD
S31508009E102F676E752D746F6F6C732D666F722D7349
S31508009E20746D33325F31342E332E72656C312E32B7
S31508009E30303235313032372D303730302F73726348
S31508009E402F6E65776C69622F6E65776C69622F6C09
S31508009E506962632F7374646C69622F6764746F61D7
S31508009E602D6765746865782E63000000050000009C
S31508009E70190000007D0000000080E03779C34143E7
S31508009E80176E05B5B5B89346F5F93FE9034F384D52
S31508009E90321D30F94877825A3CBF737FDD4F1575FE
S31508009EA0000000000000F03F000000000000244011
S31508009EB000000000000059400000000000408F40EC
S31508009EC0000000000088C34000000000006AF84057
S31508009ED00000000080842E4100000000D01263417B
S31508009EE00000000084D797410000000065CDCD41F1
S31508009EF0000000205FA00242000000E876483742D2
S31508009F00000000A2941A6D42000040E59C30A2426F
S31508009F100000901EC4BCD64200003426F56B0C43E4
S31508009F200080E03779C3414300A0D885573476438B
S31508009F3000C84E676DC1AB43003D9160E458E143EC
S31508009F40408CB5781DAF154450EFE2D6E41A4B4461
S31508009F5092D54D06CFF08044F64AE1C7022DB544A6
S31508009F60B49DD9794378EA4434000000CEFBFFFF5C
S31508009F70CB030000010000000000000035000000CF
S31508009F80CEFBFFFFCB03000001000000000000002D
S31508009F90BC89D897B2D29C3C33A7A8D523F64939B1
S31508009FA03DA7F444FD0FA5329D978CCF08BA5B25D3
S31508009FB0436FAC642806681100202020202020204A
S31508009FC0202028282828282020202020202020205B
S31508009FD0202020202020202020881010101010106B
S31508009FE010101010101010101004040404040404B7
S31508009FF00404041010101010101041414141414151
S3150800A0000101010101010101010101010101010132
S3150800A0100101010110101010101042424242424242
S3150800A0200202020202020202020202020202020202
S3150800A03002020202101010102000000000000000AA
S3150800A0400000000000000000000000000000000002
S3150800A05000000000000000000000000000000000F2
S3150800A06000000000000000000000000000000000E2
S3150800A07000000000000000000000000000000000D2
S3150800A08000000000000000000000000000000000C2
S3150800A09000000000000000000000000000000000B2
S3150800A0A000000000000000000000000000000000A2
S3110800A0B000000000000000000000000096
S30D0800A0BC6461FF7F010000004A
S3090800A0C4050200087B
S3090800A0C8E10100089C
S3150800A0CC0024F4001000000001000000000000004D
S3150800A0DC03000000BC0400201C0000200000000047
S3150800A0ECBC040020240500208C050020000000007C
S3150800A0FC0000000000000000000000000000000046
S3150800A10C0000000000000000000000000000000035
S3150800A11C0000000000000000000000000000000025
S3150800A12C00000000000000004300000000000000D2
S3150800A13C0000000000000000000000000000000005
S3150800A14C00000000000000004300000000000000B2
S3150800A15C00000000000000000000000000000000E5
S3150800A16C0000000000000000430000000000000092
S3150800A17C00000000000000000000000000000000C5
S3150800A18C0000000000000000430000000000000072
S3150800A19C00000000000000000000000000000000A5
S3150800A1AC0000000000000000430000000000000052
S3150800A1BC0000000000000000000000000000000085
S3150800A1CC0000000000000000430000000000000032
S3150800A1DC0000000000000000000000000000000065
S3150800A1EC0000000000000000430000000000000012
S3150800A1FC0000000000000000000000000000000045
S3150800A20C0000000000000000A39600082396000832
S3150800A21C00000000B89F0008B39D0008099E0008BE
S3150800A22C099E0008099E0008099E0008099E000858
S3150800A23C099E0008099E0008099E0008099E000848
S3150800A24CFFFFFFFFFFFFFFFFFFFFFFFFFFFF000002
S3150800A25C010041534349490000000000000000007A
S3150800A26C00000000000000000000000000000000D4
S3150800A27C000041534349490000000000000000005B
S3150800A28C00000000000000000000000000000000B4
S3090800A29C00000000B0
S705080017E1FA
